Card_Name,Bank_Name,Annual_Fee,Joining_Fee,Reward_Rate,Lounge_Access,Forex_Markup,Minimum_Income_LPA,Reward_Value_Per_Point_INR,Spend_Based_Fee_Waiver,Milestone_Rewards,Third_Party_Tieups,Reward_Description,Bank,Reward_Description_Clean,Annual_Fee_INR,Joining_Fee_INR,Min_Income_LPA,Spend_Based_Fee_Waiver_INR,Reward_Points,Reward_Spend_Required,Reward_Rate_Per_Rupee,Reward_Cashback_Percent,Milestone_Reward_Value,Lounge_Domestic,Lounge_International,International_Usage,Reward_Type,is_amazon_corp_partner,is_bookmyshow_corp_partner,is_cleartrip_corp_partner,is_flipkart_corp_partner,is_makemytrip_corp_partner,is_reliance_corp_partner,is_swiggy_corp_partner,is_tata_corp_partner,is_zomato_corp_partner,Merchant_Partner_Count,Milestone_Reward,ERV,Annual_Reward_Value_Estimate,Experiential_Benefits,Net_Fee,Net_Annual_Value,Effective_Reward_Rate_Index,Net_Value_Index,Travel_Benefit_Index,Lifestyle_Benefit_Index,Fee_to_Value_Ratio,Annual_Fee_INR_scaled,Joining_Fee_INR_scaled,Min_Income_LPA_scaled,Reward_Rate_Per_Rupee_scaled,Reward_Value_Per_Point_INR_scaled,ERV_scaled,Annual_Reward_Value_Estimate_scaled,Net_Annual_Value_scaled,Travel_Benefit_Index_scaled,Lifestyle_Benefit_Index_scaled,Effective_Reward_Rate_Index_scaled,Net_Value_Index_scaled,Fee_to_Value_Ratio_scaled,Forex_Markup_scaled,Card_Segment_Cluster,Card_Segment_Hierarchy,Card_Segment
HDFC Regalia Gold Credit Card,HDFC,2500,2500,4.0,12.0,2.0,10.0,0.5,300000,2500,Marriott Swiggy BookMyShow,4 reward points per Rs.150 spent. 12 airport lounge visits. Low 2% forex markup. Milestone benefits at 5L and 8L spend.,HDFC,4 reward points per Rs.150 spent. 12 airport lounge visits. Low 2% forex markup. Milestone benefits at 5L and 8L spend.,2500.0,2500.0,10.0,300000.0,4.0,150.0,0.02666666666666667,400.0,2500.0,12.0,0.0,1,general,0,1,0,0,0,0,1,0,0,2,2500.0,0.013333333333333334,5333.333333333334,19200.0,0.0,27033.333333333336,133.33333333333334,0.06758333333333334,14.0,2,0.09247842170160295,-0.08883776440464998,-0.08223077402200563,0.21761586303978897,-0.46268648581682664,0.2684551037899132,-0.44208564949845675,-0.4417059063449784,-0.5313405708558004,-0.4491105771100027,1.6633558614940314,-0.4420856494984567,-0.5313405708558006,-0.09920751881564338,-0.9171797131934107,3,3,Mid_Tier
HDFC Millennia Credit Card,HDFC,1000,1000,5.0,4.0,3.5,3.5,0.3,100000,1000,Amazon Flipkart Myntra Swiggy Zomato,"5% cashback on Amazon, Flipkart, Myntra, Zomato. 1% on all other spends. Waived on 1L annual spend.",HDFC,"5% cashback on Amazon, Flipkart, Myntra, Zomato. 1% on all other spends. Waived on 1L annual spend.",1000.0,1000.0,3.5,100000.0,5.0,100.0,0.05,5.0,1000.0,4.0,0.0,0,dining,1,0,0,1,0,0,1,0,1,4,1000.0,0.015,6360.0,10400.0,0.0,17760.0,150.0,0.0444,4.0,4,0.05630630630630631,-0.2705246547538158,-0.2637478046280603,-0.38480299790125533,-0.4538481433424296,-0.4204108229162792,-0.4400569280620866,-0.43872187014804337,-0.5391532087596558,-0.462201560696783,3.82465901910411,-0.44005692806208657,-0.5391532087596559,-0.09945243970384149,0.5998851097102851,3,3,Mid_Tier
HDFC MoneyBack+ Credit Card,HDFC,500,500,2.0,0.0,3.5,2.0,0.2,50000,0,Amazon Flipkart,"2 cashpoints per Rs.150. 5X cashpoints on Amazon, Flipkart, Reliance Smart, Swiggy. Fee waived on 50k spend.",HDFC,"2 cashpoints per Rs.150. 5X cashpoints on Amazon, Flipkart, Reliance Smart, Swiggy. Fee waived on 50k spend.",500.0,500.0,2.0,50000.0,,,2.0,200.0,50.0,0.0,0.0,0,dining,1,0,0,1,0,1,1,0,0,4,50.0,0.4,169600.0,4800.0,0.0,174450.0,4000.0,0.436125,0.0,3,0.002866150759529951,-0.3310869515368711,-0.3242534814967452,-0.5238227350414963,0.2847847634464604,-0.7648437862693753,0.028577723739408457,0.03573988516463166,-0.4071443410578128,-0.4674379541314951,2.7440074402990704,0.028577723739408416,-0.4071443410578129,-0.09981428225075713,0.5998851097102851,3,3,Mid_Tier
HDFC Diners Club Black Credit Card,HDFC,10000,10000,5.0,2000.0,2.0,25.0,0.5,500000,10000,Club Marriott Forbes Zomato Amazon,5 reward points per Rs.150. Unlimited airport lounge access worldwide. Golf privileges. Concierge service.,HDFC,5 reward points per Rs.150. Unlimited airport lounge access worldwide. Golf privileges. Concierge service.,10000.0,10000.0,25.0,500000.0,5.0,150.0,0.03333333333333333,500.0,10000.0,2000.0,0.0,1,general,1,0,0,0,0,0,0,0,1,2,10000.0,0.016666666666666666,6666.666666666667,2802400.0,10000.0,2809066.6666666665,166.66666666666666,7.022666666666666,2002.0,2,0.0035599012720713883,0.8195966873411793,0.8253543790082677,1.607813234442199,-0.460161245109856,0.2684551037899132,-0.4380282066257165,-0.4378305346606472,1.8124788831113787,2.1533769599419195,1.6633558614940314,-0.4380282066257165,1.8124788831113787,-0.09980958487572493,-0.9171797131934107,1,0,Premium
HDFC Infinia Credit Card,HDFC,12500,12500,5.0,2004.0,2.0,30.0,1.0,1000000,12500,Marriott ITC Taj AMEX,5 reward points per Rs.150. 1 reward point = Rs 1. Unlimited domestic and international lounge access. Premium travel benefits.,HDFC,5 reward points per Rs.150. 1 reward point = Rs 1. Unlimited domestic and international lounge access. Premium travel benefits.,12500.0,12500.0,30.0,1000000.0,5.0,150.0,0.03333333333333333,500.0,12500.0,2000.0,4.0,1,travel,0,0,0,0,0,0,0,0,0,0,12500.0,0.03333333333333333,14500.0,2809200.0,12500.0,2823700.0,333.3333333333333,7.05925,2010.0,0,0.004426815879873924,1.1224081712564558,1.1278827633516921,2.071212358243002,-0.460161245109856,1.9906199205553938,-0.41774099226201544,-0.41506272601520106,1.824807236956787,2.163849746811344,-0.49794729611604754,-0.4177409922620154,1.8248072369567867,-0.09980371500902195,-0.9171797131934107,1,0,Premium
HDFC TATA Neu Plus Credit Card,HDFC,499,499,2.0,0.0,3.5,2.0,1.0,50000,0,Tata Bigbasket Croma AirAsia,2% NeuCoins on Tata ecosystem. 1% NeuCoins on other spends. 1 NeuCoin = Re 1. Best for Tata brand users.,HDFC,2% NeuCoins on Tata ecosystem. 1% NeuCoins on other spends. 1 NeuCoin = Re 1. Best for Tata brand users.,499.0,499.0,2.0,50000.0,2.0,100.0,0.02,2.0,1.0,0.0,0.0,0,general,0,0,0,0,0,0,0,1,0,1,1.0,0.02,8000.0,1200.0,0.0,9201.0,200.0,0.0230025,0.0,0,0.054233235517878495,-0.33120807613043723,-0.3243744928504826,-0.5238227350414963,-0.46521172652379716,1.9906199205553938,-0.4339707637529763,-0.4339551629763159,-0.5463640320327432,-0.4674379541314951,-0.49794729611604754,-0.4339707637529763,-0.5463640320327433,-0.0994664764371995,0.5998851097102851,0,1,Entry_Level
SBI SimplyCLICK Credit Card,SBI,499,499,2.5,0.0,3.5,2.0,0.25,100000,500,Amazon Cleartrip Lenskart Yatra,"10X rewards on Amazon, Cleartrip, Lenskart, Yatra. 5X on other online spends. Annual fee waived at 1L spend.",SBI,"10X rewards on Amazon, Cleartrip, Lenskart, Yatra. 5X on other online spends. Annual fee waived at 1L spend.",499.0,499.0,2.0,100000.0,,,2.5,250.0,500.0,0.0,0.0,0,travel,1,0,1,0,0,0,0,0,0,2,500.0,0.625,271875.0,2400.0,0.0,274775.0,6250.0,0.6869375,1.0,1,0.0018160312983350013,-0.33120807613043723,-0.3243744928504826,-0.5238227350414963,0.4741778164692528,-0.5926273045928272,0.30245511764937305,0.33300511442586567,-0.3226221019092557,-0.4661288557728171,0.5827042826889919,0.30245511764937305,-0.3226221019092558,-0.09982139259496396,0.5998851097102851,0,1,Entry_Level
SBI SimplySAVE Credit Card,SBI,499,499,1.0,0.0,3.5,2.0,0.25,90000,0,Dining Movies Grocery,"10X reward points on dining, movies, departmental stores, grocery. 1X on all other spends. Great for everyday savings.",SBI,"10X reward points on dining, movies, departmental stores, grocery. 1X on all other spends. Great for everyday savings.",499.0,499.0,2.0,90000.0,,,1.0,100.0,1.0,0.0,0.0,0,dining,0,0,0,0,0,0,0,0,0,0,1.0,0.25,106000.0,0.0,0.0,106001.0,2500.0,0.2650025,0.0,0,0.00470750275940793,-0.33120807613043723,-0.3243744928504826,-0.5238227350414963,-0.09400134259912422,-0.5926273045928272,-0.15400720553390132,-0.149115344177969,-0.464811550103211,-0.4674379541314951,-0.49794729611604754,-0.15400720553390132,-0.46481155010321107,-0.09980181448208043,0.5998851097102851,0,1,Entry_Level
SBI Elite Credit Card,SBI,4999,4999,5.0,12.0,1.99,12.0,0.25,1000000,5000,Trident Sheraton Marriott BookMyShow,"5X rewards on dining, departmental and grocery stores. 2X on other spends. 12 complimentary airport lounge visits. Low forex markup.",SBI,"5X rewards on dining, departmental and grocery stores. 2X on other spends. 12 complimentary airport lounge visits. Low forex markup.",4999.0,4999.0,12.0,1000000.0,,,5.0,500.0,5000.0,12.0,0.0,1,dining,0,1,0,0,0,0,0,0,0,1,5000.0,1.25,530000.0,18000.0,4999.0,548001.0,12500.0,1.3700025,14.0,1,0.009122246127288089,0.21385259491706032,0.22017659896768146,0.40297551256011027,1.4211430815832145,-0.5926273045928272,1.063225656288164,1.083252851439369,-0.09243348178861138,-0.4491105771100027,0.5827042826889919,1.0632256562881635,-0.09243348178861144,-0.09977192231638837,-0.9272934786794353,0,1,Entry_Level
SBI Cashback Credit Card,SBI,999,999,5.0,0.0,3.5,3.0,1.0,200000,0,All online merchants,5% cashback on all online transactions. 1% cashback on offline spends. Best flat-rate cashback card in India.,SBI,5% cashback on all online transactions. 1% cashback on offline spends. Best flat-rate cashback card in India.,999.0,999.0,3.0,200000.0,5.0,100.0,0.05,5.0,1.0,0.0,0.0,0,ecommerce,0,0,0,0,0,0,0,0,0,0,1.0,0.05,20750.0,0.0,0.0,20751.0,500.0,0.0518775,0.0,0,0.04814225820442388,-0.27064577934738193,-0.2638688159817977,-0.43114291028133567,-0.4538481433424296,1.9906199205553938,-0.3974537778983144,-0.39689692124489834,-0.5366333381661513,-0.4674379541314951,-0.49794729611604754,-0.3974537778983143,-0.5366333381661514,-0.09950771835952843,0.5998851097102851,0,1,Entry_Level
SBI BPCL Octane Credit Card,SBI,1499,1499,3.0,0.0,3.5,2.5,0.25,150000,0,BPCL,"25X rewards on BPCL fuel. 10X on Ola, food delivery. Best card for frequent fuel users. Fuel surcharge waiver.",SBI,"25X rewards on BPCL fuel. 10X on Ola, food delivery. Best card for frequent fuel users. Fuel surcharge waiver.",1499.0,1499.0,2.5,150000.0,,,3.0,300.0,0.0,0.0,0.0,0,general,0,0,0,0,0,0,0,0,0,0,0.0,0.75,300000.0,0.0,0.0,300000.0,7500.0,0.75,0.0,0,0.004996666666666667,-0.21008348256432666,-0.2033631391131128,-0.47748282266141595,0.6635708694920451,-0.5926273045928272,0.4546092253771312,0.41475123589222795,-0.3013704350014825,-0.4674379541314951,-0.49794729611604754,0.45460922537713117,-0.30137043500148253,-0.09979985655730254,0.5998851097102851,0,1,Entry_Level
Axis Bank Magnus Credit Card,Axis,12500,12500,12.0,2000.0,2.0,18.0,0.2,1500000,25000,MakeMyTrip Marriott Club ITC,"12 Edge Reward points per Rs.200. Unlimited airport lounge access. 10,000 bonus miles on MakeMyTrip. Premium travel card.",Axis,"12 Edge Reward points per Rs.200. Unlimited airport lounge access. 10,000 bonus miles on MakeMyTrip. Premium travel card.",12500.0,12500.0,18.0,1500000.0,,,12.0,1200.0,25000.0,2000.0,0.0,1,travel,0,0,0,0,1,0,0,0,0,1,25000.0,2.4000000000000004,1044000.0000000001,2801200.0,12500.0,3857700.0,24000.000000000004,9.64425,2003.0,0,0.0032402727013505456,1.1224081712564558,1.1278827633516921,0.9590544611210743,4.072645823902307,-0.7648437862693753,2.463043447383539,2.5772086357490664,2.695936021204063,2.1546860583005976,-0.49794729611604754,2.4630434473835385,2.6959360212040626,-0.09981174907631367,-0.9171797131934107,1,0,Premium
Axis Bank Ace Credit Card,Axis,499,499,2.0,4.0,3.5,2.5,1.0,200000,0,Google Pay Swiggy Zomato Ola,"5% cashback via Google Pay. 4% on Swiggy, Zomato, Ola. 2% on all other spends. Best value entry-level card.",Axis,"5% cashback via Google Pay. 4% on Swiggy, Zomato, Ola. 2% on all other spends. Best value entry-level card.",499.0,499.0,2.5,200000.0,5.0,100.0,0.05,5.0,2.0,4.0,0.0,0,dining,0,0,0,0,0,0,1,0,1,2,2.0,0.05,21200.0,8000.0,0.0,29202.0,500.0,0.073005,4.0,2,0.017087870693788098,-0.33120807613043723,-0.3243744928504826,-0.47748282266141595,-0.4538481433424296,1.9906199205553938,-0.3974537778983144,-0.39558898330143655,-0.5295135031993489,-0.462201560696783,1.6633558614940314,-0.3974537778983143,-0.529513503199349,-0.09971798718368853,0.5998851097102851,3,3,Mid_Tier
Axis Bank Flipkart Credit Card,Axis,500,500,5.0,4.0,3.5,2.5,1.0,200000,0,Flipkart Myntra Cleartrip,"5% cashback on Flipkart, Myntra, 2GUD. 4% on preferred merchants. 1.5% on all other. 4 airport lounge visits/year.",Axis,"5% cashback on Flipkart, Myntra, 2GUD. 4% on preferred merchants. 1.5% on all other. 4 airport lounge visits/year.",500.0,500.0,2.5,200000.0,5.0,100.0,0.05,5.0,0.0,4.0,0.0,0,ecommerce,0,0,1,1,0,0,0,0,0,2,0.0,0.05,20750.0,8000.0,0.0,28750.0,500.0,0.071875,5.0,1,0.017391304347826087,-0.3310869515368711,-0.3242534814967452,-0.47748282266141595,-0.4538481433424296,1.9906199205553938,-0.3974537778983144,-0.39689692124489834,-0.529894306110838,-0.46089246233810494,0.5827042826889919,-0.3974537778983143,-0.5298943061108381,-0.09971593263865448,0.5998851097102851,0,1,Entry_Level
Axis Bank Vistara Signature Credit Card,Axis,3000,3000,6.0,8.0,3.5,8.0,0.5,300000,3000,Vistara Air India,6 Club Vistara points per Rs.200. 8 airport lounge visits. Complimentary Vistara flight ticket on activation. Travel-focused card.,Axis,6 Club Vistara points per Rs.200. 8 airport lounge visits. Complimentary Vistara flight ticket on activation. Travel-focused card.,3000.0,3000.0,8.0,300000.0,,,6.0,600.0,3000.0,8.0,0.0,0,travel,0,0,0,0,0,0,0,0,0,0,3000.0,3.0,1305000.0,11200.0,0.0,1319200.0,30000.0,3.298,8.0,0,0.0022741055184960584,-0.028275467621594698,-0.021725097153320737,0.03225621351946765,1.799929187628799,0.2684551037899132,3.1933831644767774,3.335812642956908,0.5572895813474766,-0.45696516726207087,-0.49794729611604754,3.1933831644767774,0.5572895813474766,-0.09981829098081625,0.5998851097102851,0,1,Entry_Level
Axis Bank MY Zone Credit Card,Axis,500,500,1.0,0.0,3.5,1.5,0.2,50000,0,Swiggy Zomato BookMyShow,"20% cashback on Swiggy, Zomato, BookMyShow. 1 EDGE point per Rs.125 on other spends. Best lifestyle entry card.",Axis,"20% cashback on Swiggy, Zomato, BookMyShow. 1 EDGE point per Rs.125 on other spends. Best lifestyle entry card.",500.0,500.0,1.5,50000.0,20.0,100.0,0.2,20.0,1.0,0.0,0.0,0,dining,0,1,0,0,0,0,1,0,1,3,1.0,0.04000000000000001,16960.000000000004,3600.0,0.0,20561.000000000004,400.00000000000006,0.05140250000000001,0.0,3,0.024317883371431346,-0.3310869515368711,-0.3242534814967452,-0.5701626474215766,-0.39703022743559196,-0.7648437862693753,-0.409626106516535,-0.40791266525760994,-0.5367934101864675,-0.4674379541314951,2.7440074402990704,-0.40962610651653497,-0.5367934101864676,-0.09966903286881532,0.5998851097102851,3,3,Mid_Tier
Amazon Pay ICICI Credit Card,ICICI,0,0,5.0,0.0,3.5,2.0,1.0,0,0,Amazon Prime,5% cashback on Amazon for Prime members (3% for non-Prime). 2% on Amazon Pay partner merchants. 1% on all other spends. Zero annual fee.,ICICI,5% cashback on Amazon for Prime members (3% for non-Prime). 2% on Amazon Pay partner merchants. 1% on all other spends. Zero annual fee.,0.0,0.0,2.0,0.0,5.0,100.0,0.05,5.0,1.0,0.0,0.0,0,ecommerce,1,0,0,0,0,0,0,0,0,1,1.0,0.05,20750.0,1200.0,0.0,21951.0,500.0,0.0548775,0.0,1,0.0,-0.39164924831992637,-0.3847591583654301,-0.5238227350414963,-0.4538481433424296,1.9906199205553938,-0.3974537778983144,-0.39689692124489834,-0.5356223569852067,-0.4674379541314951,0.5827042826889919,-0.3974537778983143,-0.5356223569852068,-0.09983368891752412,0.5998851097102851,0,1,Entry_Level
ICICI Sapphiro Credit Card,ICICI,3500,3500,4.0,12.0,1.5,10.0,0.25,600000,5000,Marriott ITC Taj Amazon,4 reward points per Rs.100. 12 airport lounge visits. Complimentary golf lessons. 1.5% forex markup. Premium lifestyle card.,ICICI,4 reward points per Rs.100. 12 airport lounge visits. Complimentary golf lessons. 1.5% forex markup. Premium lifestyle card.,3500.0,3500.0,10.0,600000.0,4.0,100.0,0.04,400.0,5000.0,12.0,0.0,1,general,1,0,0,0,0,0,0,0,0,1,5000.0,0.01,4000.0,18000.0,3500.0,23500.0,100.0,0.05875,14.0,1,0.14893617021276595,0.032286829161460584,0.03878057971536416,0.21761586303978897,-0.4576360044028855,-0.5926273045928272,-0.4461430923711969,-0.4455812780293097,-0.5343173487774707,-0.4491105771100027,0.5827042826889919,-0.4461430923711969,-0.5343173487774707,-0.09882524418890655,-1.4228679874946426,0,1,Entry_Level
ICICI Coral Credit Card,ICICI,500,500,2.0,2.0,3.5,2.5,0.25,125000,0,BookMyShow Dining,2 reward points per Rs.100. 1 complimentary movie ticket/month via BookMyShow. 2 airport lounge visits/quarter. Dining discounts.,ICICI,2 reward points per Rs.100. 1 complimentary movie ticket/month via BookMyShow. 2 airport lounge visits/quarter. Dining discounts.,500.0,500.0,2.5,125000.0,2.0,100.0,0.02,200.0,2.0,2.0,0.0,0,dining,0,1,0,0,0,0,0,0,0,1,2.0,0.005,2120.0,4000.0,0.0,6122.0,50.0,0.015305,2.0,1,0.08167265599477296,-0.3310869515368711,-0.3242534814967452,-0.47748282266141595,-0.46521172652379716,-0.5926273045928272,-0.4522292566803073,-0.45104555210421676,-0.5489580412461836,-0.46481975741413906,0.5827042826889919,-0.4522292566803072,-0.5489580412461837,-0.09928068450434185,0.5998851097102851,0,1,Entry_Level
ICICI Rubyx Credit Card,ICICI,2000,2000,2.0,8.0,3.5,6.0,0.25,300000,2000,EazyDiner BookMyShow Lifestyle,2 reward points per Rs.100. 8 airport lounge visits. EazyDiner Prime membership. Movie offers. Golf privileges.,ICICI,2 reward points per Rs.100. 8 airport lounge visits. EazyDiner Prime membership. Movie offers. Golf privileges.,2000.0,2000.0,6.0,300000.0,2.0,100.0,0.02,200.0,2000.0,8.0,0.0,0,dining,0,1,0,0,0,0,0,0,1,2,2000.0,0.005,2120.0,13600.0,0.0,17720.0,50.0,0.0443,8.0,2,0.11286681715575621,-0.14940006118770527,-0.14273645089069054,-0.15310343600085366,-0.46521172652379716,-0.5926273045928272,-0.4522292566803073,-0.45104555210421676,-0.5391869081323539,-0.45696516726207087,1.6633558614940314,-0.4522292566803072,-0.539186908132354,-0.09906946927474718,0.5998851097102851,3,3,Mid_Tier
ICICI HPCL Super Saver Credit Card,ICICI,500,500,4.0,0.0,3.5,2.0,0.25,150000,0,HPCL,"4% cashback on fuel at HPCL stations. 2% cashback on grocery, utilities. 1% on all else. Fuel surcharge waiver up to Rs.100/month.",ICICI,"4% cashback on fuel at HPCL stations. 2% cashback on grocery, utilities. 1% on all else. Fuel surcharge waiver up to Rs.100/month.",500.0,500.0,2.0,150000.0,4.0,100.0,0.04,4.0,0.0,0.0,0.0,0,cashback,0,0,0,0,0,0,0,0,0,0,0.0,0.01,4000.0,0.0,0.0,4000.0,100.0,0.01,0.0,0,0.125,-0.3310869515368711,-0.3242534814967452,-0.5238227350414963,-0.4576360044028855,-0.5926273045928272,-0.4461430923711969,-0.4455812780293097,-0.5507457929678207,-0.4674379541314951,-0.49794729611604754,-0.4461430923711969,-0.5507457929678208,-0.09898731566314865,0.5998851097102851,0,1,Entry_Level
American Express Platinum Card,Amex,60000,60000,5.0,2004.0,0.0,50.0,0.5,0,50000,Taj Oberoi Marriott Hilton Delta,Unlimited Centurion and Priority Pass lounge access. 1 MR point per Rs.50. No forex markup. Concierge. Hotel status upgrades.,Amex,Unlimited Centurion and Priority Pass lounge access. 1 MR point per Rs.50. No forex markup. Concierge. Hotel status upgrades.,60000.0,60000.0,50.0,0.0,,,5.0,500.0,50000.0,2000.0,4.0,1,travel,0,0,0,0,0,0,0,0,0,0,50000.0,2.5,1087500.0,2809200.0,60000.0,3886700.0,25000.0,9.71675,2010.0,0,0.015437260400854195,6.875826365646708,6.875922065876757,3.924808853446215,1.4211430815832145,0.2684551037899132,2.5847667335657447,2.7036426369503728,2.7203680664102246,2.163849746811344,-0.49794729611604754,2.5847667335657447,2.7203680664102246,-0.09972916344293122,-2.9399328103983384,2,2,Super_Premium
American Express SmartEarn Credit Card,Amex,495,495,2.0,0.0,3.5,4.5,0.25,40000,500,Amazon Flipkart Swiggy Uber,"10X MR points on Flipkart. 5X on Amazon, Swiggy, Uber. 1X elsewhere. Fee waived on 40k spend. Best entry-level Amex.",Amex,"10X MR points on Flipkart. 5X on Amazon, Swiggy, Uber. 1X elsewhere. Fee waived on 40k spend. Best entry-level Amex.",495.0,495.0,4.5,40000.0,,,2.0,200.0,500.0,0.0,0.0,0,dining,1,0,0,1,0,0,1,0,0,3,500.0,0.5,212000.0,3600.0,0.0,216100.0,5000.0,0.54025,0.0,3,0.0022906062008329476,-0.3316925745047017,-0.32485853826543204,-0.29212317314109465,0.2847847634464604,-0.5926273045928272,0.15030100992161494,0.15897670472636544,-0.3720548692358601,-0.4674379541314951,2.7440074402990704,0.1503010099216149,-0.3720548692358601,-0.09981817925492659,0.5998851097102851,3,3,Mid_Tier
American Express Gold Card,Amex,4500,0,5.0,8.0,3.5,6.0,0.5,0,5000,Taj Marriott Hilton,5000 MR bonus points on 4 transactions/month. Taj InnerCircle Gold membership. 8 airport lounge visits. Milestone rewards at 6L spend.,Amex,5000 MR bonus points on 4 transactions/month. Taj InnerCircle Gold membership. 8 airport lounge visits. Milestone rewards at 6L spend.,4500.0,0.0,6.0,0.0,,,5.0,500.0,5000.0,8.0,0.0,0,general,0,0,0,0,0,0,0,0,0,0,5000.0,2.5,1000000.0,11200.0,4500.0,1011700.0,25000.0,2.52925,8.0,0,0.004447958881091232,0.15341142272757113,-0.3847591583654301,-0.15310343600085366,1.4211430815832145,0.2684551037899132,2.5847667335657447,2.4493213701661345,0.29822565373041926,-0.45696516726207087,-0.49794729611604754,2.5847667335657447,0.29822565373041926,-0.09980357185005598,0.5998851097102851,0,1,Entry_Level
Kotak 811 Dream Different Credit Card,Kotak,0,0,1.0,0.0,3.5,1.5,0.25,0,0,,Lifetime free card. 1% cashback on online spends. No minimum income requirement. Best for beginners with zero credit history.,Kotak,Lifetime free card. 1% cashback on online spends. No minimum income requirement. Best for beginners with zero credit history.,0.0,0.0,1.5,0.0,1.0,100.0,0.01,1.0,1.0,0.0,0.0,0,ecommerce,0,0,0,0,0,0,0,0,0,0,1.0,0.0025,1037.5,0.0,0.0,1038.5,25.0,0.00259625,0.0,0,0.0,-0.39164924831992637,-0.3847591583654301,-0.5701626474215766,-0.46899958758425303,-0.5926273045928272,-0.45527233883486246,-0.45419186949043316,-0.5532408102739602,-0.4674379541314951,-0.49794729611604754,-0.4552723388348624,-0.5532408102739603,-0.09983368891752412,0.5998851097102851,0,1,Entry_Level
Kotak Royale Signature Credit Card,Kotak,999,999,2.0,8.0,3.5,4.0,0.25,150000,0,Taj Hotels EazyDiner,2 reward points per Rs.100. 8 airport lounge visits per year. Dining privileges. Taj InnerCircle membership. Good mid-tier card.,Kotak,2 reward points per Rs.100. 8 airport lounge visits per year. Dining privileges. Taj InnerCircle membership. Good mid-tier card.,999.0,999.0,4.0,150000.0,2.0,100.0,0.02,200.0,0.0,8.0,0.0,0,dining,0,0,0,0,0,0,0,0,1,1,0.0,0.005,2120.0,12400.0,0.0,14520.0,50.0,0.0363,8.0,1,0.06880165289256199,-0.27064577934738193,-0.2638688159817977,-0.338463085521175,-0.46521172652379716,-0.5926273045928272,-0.4522292566803073,-0.45104555210421676,-0.5418828579482062,-0.45696516726207087,0.5827042826889919,-0.4522292566803072,-0.5418828579482063,-0.09936783388660342,0.5998851097102851,0,1,Entry_Level
Kotak Zen Signature Credit Card,Kotak,1999,1999,2.0,8.0,3.5,5.0,0.25,200000,1000,Travel Dining,2 reward points per Rs.100 on regular spend. 10X on travel categories. 8 lounge visits. Annual fee waiver on 2L spend.,Kotak,2 reward points per Rs.100 on regular spend. 10X on travel categories. 8 lounge visits. Annual fee waiver on 2L spend.,1999.0,1999.0,5.0,200000.0,2.0,100.0,0.02,200.0,1000.0,8.0,0.0,0,travel,0,0,0,0,0,0,0,0,0,0,1000.0,0.005,2175.0,11200.0,0.0,14375.0,50.0,0.0359375,8.0,0,0.1390608695652174,-0.14952118578127138,-0.14285746224442789,-0.24578326076101434,-0.46521172652379716,-0.5926273045928272,-0.4522292566803073,-0.4508856930222381,-0.5420050181742371,-0.45696516726207087,-0.49794729611604754,-0.4522292566803072,-0.5420050181742372,-0.09889210971168257,0.5998851097102851,0,1,Entry_Level
Kotak White Reserve Credit Card,Kotak,0,0,6.0,2006.0,0.0,50.0,1.0,0,0,Taj Marriott Priority Pass,Super premium invite-only card. 6% rewards on international spends. Zero forex markup. Unlimited lounge access worldwide.,Kotak,Super premium invite-only card. 6% rewards on international spends. Zero forex markup. Unlimited lounge access worldwide.,0.0,0.0,50.0,0.0,6.0,100.0,0.06,6.0,6.0,2000.0,6.0,1,general,0,0,0,0,0,0,0,0,0,0,6.0,0.06,24000.0,2813800.0,0.0,2837806.0,600.0,7.094515,2014.0,0,0.0,-0.39164924831992637,-0.3847591583654301,3.924808853446215,-0.4500602822819738,1.9906199205553938,-0.3852814492800937,-0.3874507027643409,1.836691320738791,2.1690861402460557,-0.49794729611604754,-0.38528144928009367,1.836691320738791,-0.09983368891752412,-2.9399328103983384,1,0,Premium
Standard Chartered Smart Credit Card,StandardChartered,499,499,2.0,0.0,3.5,3.0,1.0,144000,0,Online merchants,"2% cashback on online spends up to Rs.1000/month, 1% on offline. Fee waived if spending above Rs.1.44L/year.",StandardChartered,"2% cashback on online spends up to Rs.1000/month, 1% on offline. Fee waived if spending above Rs.1.44L/year.",499.0,499.0,3.0,144000.0,2.0,100.0,0.02,2.0,1000.0,0.0,0.0,0,ecommerce,0,0,0,0,0,0,0,0,0,0,1000.0,0.02,8300.0,0.0,0.0,9300.0,200.0,0.02325,0.0,0,0.053655913978494625,-0.33120807613043723,-0.3243744928504826,-0.43114291028133567,-0.46521172652379716,1.9906199205553938,-0.4339707637529763,-0.4330832043473414,-0.5462806260853154,-0.4674379541314951,-0.49794729611604754,-0.4339707637529763,-0.5462806260853154,-0.09947038547328038,0.5998851097102851,0,1,Entry_Level
Standard Chartered Rewards Credit Card,StandardChartered,1000,1000,4.0,4.0,3.5,4.0,0.25,150000,0,Travel Dining,4 reward points per Rs.150. 10X on travel and dining. 4 airport lounge visits. Annual fee waiver on 1.5L spend.,StandardChartered,4 reward points per Rs.150. 10X on travel and dining. 4 airport lounge visits. Annual fee waiver on 1.5L spend.,1000.0,1000.0,4.0,150000.0,4.0,150.0,0.02666666666666667,400.0,1.5,4.0,0.0,0,travel,0,0,0,0,0,0,0,0,0,0,1.5,0.006666666666666667,2900.0000000000005,5600.0,0.0,8501.5,66.66666666666667,0.02125375,4.0,0,0.11762630124095748,-0.2705246547538158,-0.2637478046280603,-0.338463085521175,-0.46268648581682664,-0.5926273045928272,-0.45020053524393716,-0.44877845966888297,-0.5469533498128022,-0.462201560696783,-0.49794729611604754,-0.45020053524393716,-0.5469533498128023,-0.09903724287447246,0.5998851097102851,0,1,Entry_Level
Standard Chartered EaseMyTrip Credit Card,StandardChartered,350,350,10.0,4.0,3.5,2.5,0.25,50000,0,EaseMyTrip,10% off on EaseMyTrip flights and hotels. 3X points on other travel. 4 airport lounge visits. Best budget travel card.,StandardChartered,10% off on EaseMyTrip flights and hotels. 3X points on other travel. 4 airport lounge visits. Best budget travel card.,350.0,350.0,2.5,50000.0,10.0,100.0,0.1,10.0,0.0,4.0,0.0,0,travel,0,0,0,0,0,0,0,0,0,0,0.0,0.025,10875.0,5600.0,0.0,16475.0,250.0,0.0411875,4.0,0,0.021244309559939303,-0.3492556405717877,-0.3424051845573507,-0.47748282266141595,-0.4349088380401504,-0.5926273045928272,-0.427884599443866,-0.42559889278197666,-0.540235801107584,-0.462201560696783,-0.49794729611604754,-0.4278845994438659,-0.5402358011075841,-0.09968984399417047,0.5998851097102851,0,1,Entry_Level
IndusInd Bank Pinnacle Credit Card,IndusInd,25000,25000,6.0,2000.0,1.8,40.0,1.0,2000000,25000,Taj Ritz Carlton Marriott,Unlimited airport lounge access. 6 reward points per Rs.150. Low 1.8% forex markup. 24x7 concierge. Premium lifestyle privileges.,IndusInd,Unlimited airport lounge access. 6 reward points per Rs.150. Low 1.8% forex markup. 24x7 concierge. Premium lifestyle privileges.,25000.0,25000.0,40.0,2000000.0,6.0,150.0,0.04,600.0,25000.0,2000.0,0.0,1,general,0,0,0,0,0,0,0,0,0,0,25000.0,0.04,16000.0,2800000.0,25000.0,2816000.0,400.0,7.04,2002.0,0,0.00887784090909091,2.6364655908328376,2.6405246850688147,2.9980106058446085,-0.4576360044028855,1.9906199205553938,-0.409626106516535,-0.41070293287032844,1.8183201077123923,2.1533769599419195,-0.49794729611604754,-0.40962610651653497,1.8183201077123923,-0.09977357718070767,-1.1194550229139035,1,0,Premium
IndusInd Bank Celesta Credit Card,IndusInd,10000,10000,2.0,2006.0,2.0,20.0,0.5,1200000,10000,Marriott ITC Vistara Emirates,Unlimited lounge access. Complimentary golf. 2 reward points per Rs.100. Strong international travel benefits.,IndusInd,Unlimited lounge access. Complimentary golf. 2 reward points per Rs.100. Strong international travel benefits.,10000.0,10000.0,20.0,1200000.0,2.0,100.0,0.02,200.0,10000.0,2000.0,6.0,1,travel,0,0,0,0,0,0,0,0,0,0,10000.0,0.01,4350.0,2813800.0,10000.0,2818150.0,100.0,7.045375,2014.0,0,0.00354842715966148,0.8195966873411793,0.8253543790082677,1.1444141106413956,-0.46521172652379716,0.2684551037899132,-0.4461430923711969,-0.4445639929621727,1.820131448994918,2.1690861402460557,-0.49794729611604754,-0.4461430923711969,1.820131448994918,-0.09980966256677982,-0.9171797131934107,1,0,Premium
IndusInd Bank Platinum Aura Edge Credit Card,IndusInd,1499,1499,1.5,4.0,3.5,4.0,0.4,150000,0,Travel Dining Lifestyle,Choose your own rewards category. 1.5% rewards across all spends. 4 lounge visits. Dining and movie perks.,IndusInd,Choose your own rewards category. 1.5% rewards across all spends. 4 lounge visits. Dining and movie perks.,1499.0,1499.0,4.0,150000.0,1.5,100.0,0.015,1.5,1.5,4.0,0.0,0,dining,0,0,0,0,0,0,0,0,0,0,1.5,0.006,2544.0,5600.0,0.0,8145.5,60.0,0.02036375,4.0,0,0.18402799091522926,-0.21008348256432666,-0.2033631391131128,-0.338463085521175,-0.4671056570540251,-0.0759778595631829,-0.4510120238184852,-0.4498131839085994,-0.5472532742298157,-0.462201560696783,-0.49794729611604754,-0.45101202381848515,-0.5472532742298158,-0.09858763796098732,0.5998851097102851,0,1,Entry_Level
IndusInd Bank Legend Credit Card,IndusInd,3999,3999,2.0,8.0,2.5,8.0,0.5,400000,4000,Oberoi Marriott EazyDiner,2 reward points per Rs.100. 8 airport lounge visits. Luxury hotel dining offers. Golf benefits. Travel insurance.,IndusInd,2 reward points per Rs.100. 8 airport lounge visits. Luxury hotel dining offers. Golf benefits. Travel insurance.,3999.0,3999.0,8.0,400000.0,2.0,100.0,0.02,200.0,4000.0,8.0,0.0,1,travel,0,0,0,0,0,0,0,0,1,1,4000.0,0.01,4350.0,12400.0,0.0,20750.0,100.0,0.051875,10.0,1,0.19272289156626507,0.09272800135094976,0.09916524523031169,0.03225621351946765,-0.46521172652379716,0.2684551037899132,-0.4461430923711969,-0.4445639929621727,-0.5366341806504688,-0.4543469705447148,0.5827042826889919,-0.4461430923711969,-0.5366341806504689,-0.09852876491010341,-0.4114914388921788,0,1,Entry_Level
YES Bank Marquee Credit Card,YESBank,9999,9999,24.0,2000.0,1.5,20.0,0.25,1000000,20000,Amazon Swiggy Zomato BookMyShow,24 YES Reward Points per Rs.100 on select categories. Unlimited lounge access. Low 1.5% forex. Best rewards rate in India.,YESBank,24 YES Reward Points per Rs.100 on select categories. Unlimited lounge access. Low 1.5% forex. Best rewards rate in India.,9999.0,9999.0,20.0,1000000.0,1.5,100.0,0.015,1.5,20000.0,2000.0,0.0,1,general,1,1,0,0,0,0,1,0,1,4,20000.0,0.00375,1500.0,2804800.0,9999.0,2816301.0,37.5,7.0407525,2002.0,4,0.003550401750381085,0.8194755627476131,0.8252333676545304,1.1444141106413956,-0.4671056570540251,-0.5926273045928272,-0.45375079775758487,-0.4528475999374308,1.8185736954919458,2.1533769599419195,3.82465901910411,-0.4537507977575848,1.8185736954919458,-0.09980964919685363,-1.4228679874946426,1,0,Premium
YES Bank Premia Credit Card,YESBank,2999,2999,12.0,8.0,2.5,8.0,0.25,400000,5000,Amazon Swiggy Zomato,"12 reward points per Rs.100 on Amazon, Swiggy, Zomato. 6 on other online. 8 airport lounge visits. Strong online rewards card.",YESBank,"12 reward points per Rs.100 on Amazon, Swiggy, Zomato. 6 on other online. 8 airport lounge visits. Strong online rewards card.",2999.0,2999.0,8.0,400000.0,12.0,100.0,0.12,1200.0,5000.0,8.0,0.0,1,dining,1,0,0,0,0,0,1,0,1,3,5000.0,0.03,12720.0,14800.0,0.0,32520.0,300.0,0.0813,10.0,3,0.09222017220172202,-0.02839659221516081,-0.021846108507058107,0.03225621351946765,-0.4273331159192388,-0.5926273045928272,-0.4217984351347557,-0.4202363472137833,-0.5267181402340371,-0.4543469705447148,2.7440074402990704,-0.4217984351347556,-0.5267181402340371,-0.09920926741940063,-0.4114914388921788,3,3,Mid_Tier
YES Bank BYOC Credit Card,YESBank,0,0,1.0,0.0,3.5,1.5,0.25,0,0,,Build Your Own Credit (BYOC). Lifetime free. Secured against FD. Best for those building credit score from scratch.,YESBank,Build Your Own Credit (BYOC). Lifetime free. Secured against FD. Best for those building credit score from scratch.,0.0,0.0,1.5,0.0,,,1.0,100.0,0.0,0.0,0.0,0,general,0,0,0,0,0,0,0,0,0,0,0.0,0.25,100000.0,0.0,0.0,100000.0,2500.0,0.25,0.0,0,0.0,-0.39164924831992637,-0.3847591583654301,-0.5701626474215766,-0.09400134259912422,-0.5926273045928272,-0.15400720553390132,-0.16655451675745964,-0.46986729849225156,-0.4674379541314951,-0.49794729611604754,-0.15400720553390132,-0.4698672984922516,-0.09983368891752412,0.5998851097102851,0,1,Entry_Level
RBL Bank Edition Credit Card,RBL,5000,5000,10.0,12.0,2.0,12.0,0.3,500000,5000,Postcard Hotels ITC Taj,10 reward points per Rs.100. 12 airport lounge visits. Complimentary hotel stays as milestones. Luxury travel benefits.,RBL,10 reward points per Rs.100. 12 airport lounge visits. Complimentary hotel stays as milestones. Luxury travel benefits.,5000.0,5000.0,12.0,500000.0,10.0,100.0,0.1,1000.0,5000.0,12.0,0.0,1,travel,0,0,0,0,0,0,0,0,0,0,5000.0,0.03,13050.0,16800.0,5000.0,29850.0,300.0,0.074625,14.0,0,0.16750418760469013,0.21397371951062644,0.22029761032141884,0.40297551256011027,-0.4349088380401504,-0.4204108229162792,-0.4217984351347557,-0.41927719272191133,-0.5289675733616388,-0.4491105771100027,-0.49794729611604754,-0.4217984351347556,-0.5289675733616389,-0.09869952040244813,-0.9171797131934107,0,1,Entry_Level
RBL Bank ShopRite Credit Card,RBL,0,0,5.0,0.0,3.5,2.0,0.25,0,0,Shopper Stop Grocery,5X reward points on grocery and movie purchases. 1X on all other eligible spends. Zero annual fee. Good for grocery shoppers.,RBL,5X reward points on grocery and movie purchases. 1X on all other eligible spends. Zero annual fee. Good for grocery shoppers.,0.0,0.0,2.0,0.0,,,5.0,500.0,1.0,0.0,0.0,0,general,0,0,0,0,0,0,0,0,0,0,1.0,1.25,500000.0,0.0,0.0,500001.0,12500.0,1.2500025,0.0,0,0.0,-0.39164924831992637,-0.3847591583654301,-0.5238227350414963,1.4211430815832145,-0.5926273045928272,1.063225656288164,0.9960569885419157,-0.13287272902639596,-0.4674379541314951,-0.49794729611604754,1.0632256562881635,-0.13287272902639605,-0.09983368891752412,0.5998851097102851,0,1,Entry_Level
RBL Bank Popcorn Credit Card,RBL,0,0,0.0,0.0,3.5,1.5,0.1,0,0,BookMyShow,Up to 10% off on BookMyShow tickets. 1 free movie ticket per month. Best zero-fee entertainment card for movie buffs.,RBL,Up to 10% off on BookMyShow tickets. 1 free movie ticket per month. Best zero-fee entertainment card for movie buffs.,0.0,0.0,1.5,0.0,10.0,100.0,0.1,10.0,0.0,0.0,0.0,0,general,0,1,0,0,0,0,0,0,0,1,0.0,0.010000000000000002,4000.000000000001,1200.0,0.0,5200.000000000001,100.00000000000001,0.013000000000000003,0.0,1,0.0,-0.39164924831992637,-0.3847591583654301,-0.5701626474215766,-0.4349088380401504,-1.1092767496224714,-0.4461430923711969,-0.4455812780293097,-0.5497348117868761,-0.4674379541314951,0.5827042826889919,-0.4461430923711969,-0.5497348117868762,-0.09983368891752412,0.5998851097102851,0,1,Entry_Level
HSBC Premier Credit Card,HSBC,0,0,4.0,2004.0,0.0,30.0,0.3,0,0,Marriott Priority Pass,Unlimited airport lounge access via Priority Pass. Zero forex charges. 4 reward points per Rs.100. Exclusive for HSBC Premier banking customers.,HSBC,Unlimited airport lounge access via Priority Pass. Zero forex charges. 4 reward points per Rs.100. Exclusive for HSBC Premier banking customers.,0.0,0.0,30.0,0.0,4.0,100.0,0.04,400.0,0.0,2000.0,4.0,1,general,0,0,0,0,0,0,0,0,0,0,0.0,0.012,4800.0,2809200.0,0.0,2814000.0,120.0,7.035,2010.0,0,0.0,-0.39164924831992637,-0.3847591583654301,2.071212358243002,-0.4576360044028855,-0.4204108229162792,-0.4437086266475528,-0.4432560550187109,1.8166351390774846,2.163849746811344,-0.49794729611604754,-0.4437086266475528,1.8166351390774846,-0.09983368891752412,-2.9399328103983384,1,0,Premium
HSBC Visa Platinum Credit Card,HSBC,0,0,2.0,0.0,3.5,4.0,0.25,0,1000,Dining Travel,Lifetime free. 2 reward points per Rs.100. 3X on first 60 days. 5% cashback on first EMI transactions. Good no-fee starter card.,HSBC,Lifetime free. 2 reward points per Rs.100. 3X on first 60 days. 5% cashback on first EMI transactions. Good no-fee starter card.,0.0,0.0,4.0,0.0,2.0,100.0,0.02,200.0,1000.0,0.0,0.0,0,cashback,0,0,0,0,0,0,0,0,0,0,1000.0,0.005,2000.0,0.0,0.0,3000.0,50.0,0.0075,0.0,0,0.0,-0.39164924831992637,-0.3847591583654301,-0.338463085521175,-0.46521172652379716,-0.5926273045928272,-0.4522292566803073,-0.45139433555580655,-0.5515882772852745,-0.4674379541314951,-0.49794729611604754,-0.4522292566803072,-0.5515882772852746,-0.09983368891752412,0.5998851097102851,0,1,Entry_Level
Federal Bank Signet Credit Card,FederalBank,0,0,3.0,4.0,3.5,3.0,0.25,0,0,Dining Travel,Lifetime free card. 3 reward points per Rs.100. 4 airport lounge visits/year. Best no-fee card with lounge access.,FederalBank,Lifetime free card. 3 reward points per Rs.100. 4 airport lounge visits/year. Best no-fee card with lounge access.,0.0,0.0,3.0,0.0,3.0,100.0,0.03,300.0,0.0,4.0,0.0,0,general,0,0,0,0,0,0,0,0,0,0,0.0,0.0075,3000.0,5600.0,0.0,8600.0,75.0,0.0215,4.0,0,0.0,-0.39164924831992637,-0.3847591583654301,-0.43114291028133567,-0.46142386546334135,-0.5926273045928272,-0.4491861745257521,-0.4484878067925581,-0.546870365107533,-0.462201560696783,-0.49794729611604754,-0.4491861745257521,-0.5468703651075331,-0.09983368891752412,0.5998851097102851,0,1,Entry_Level
Federal Bank Celesta Credit Card,FederalBank,7500,7500,4.0,2000.0,2.0,15.0,0.5,800000,10000,Travel Lifestyle,4 reward points per Rs.100. Unlimited lounge access. Low forex. Premium lifestyle privileges. Milestone bonus on 5L and 8L spend.,FederalBank,4 reward points per Rs.100. Unlimited lounge access. Low forex. Premium lifestyle privileges. Milestone bonus on 5L and 8L spend.,7500.0,7500.0,15.0,800000.0,4.0,100.0,0.04,400.0,10000.0,2000.0,0.0,1,general,0,0,0,0,0,0,0,0,0,0,10000.0,0.02,8000.0,2800000.0,7500.0,2810500.0,200.0,7.02625,2002.0,0,0.002668564312399929,0.5167852034259028,0.5228259946648433,0.6810149868405923,-0.4576360044028855,0.2684551037899132,-0.4339707637529763,-0.4339551629763159,1.8136864439663962,2.1533769599419195,-0.49794729611604754,-0.4339707637529763,1.8136864439663962,-0.09981562010583135,-0.9171797131934107,1,0,Premium
AU Bank LIT Credit Card,AUBank,0,0,2.0,0.0,3.5,2.0,0.25,0,0,OTT Dining Travel,"Activate only the benefits you need. Choose from OTT subscriptions, lounge access, or fuel benefits. Pay only for activated features.",AUBank,"Activate only the benefits you need. Choose from OTT subscriptions, lounge access, or fuel benefits. Pay only for activated features.",0.0,0.0,2.0,0.0,,,2.0,200.0,0.0,0.0,0.0,0,general,0,0,0,0,0,0,0,0,0,0,0.0,0.5,200000.0,0.0,0.0,200000.0,5000.0,0.5,0.0,0,0.0,-0.39164924831992637,-0.3847591583654301,-0.5238227350414963,0.2847847634464604,-0.5926273045928272,0.15030100992161494,0.12409835956738417,-0.385618866746867,-0.4674379541314951,-0.49794729611604754,0.1503010099216149,-0.3856188667468671,-0.09983368891752412,0.5998851097102851,0,1,Entry_Level
AU Bank Altura Plus Credit Card,AUBank,499,499,2.0,4.0,3.5,2.5,0.25,80000,500,Dining Grocery,2 reward points per Rs.100 on retail. 5X on grocery and dining. 4 lounge visits. Fuel surcharge waiver.,AUBank,2 reward points per Rs.100 on retail. 5X on grocery and dining. 4 lounge visits. Fuel surcharge waiver.,499.0,499.0,2.5,80000.0,2.0,100.0,0.02,200.0,500.0,4.0,0.0,0,dining,0,0,0,0,0,0,0,0,0,0,500.0,0.005,2120.0,5600.0,0.0,8220.0,50.0,0.02055,4.0,0,0.06070559610705596,-0.33120807613043723,-0.3243744928504826,-0.47748282266141595,-0.46521172652379716,-0.5926273045928272,-0.4522292566803073,-0.45104555210421676,-0.5471905091481655,-0.462201560696783,-0.49794729611604754,-0.4522292566803072,-0.5471905091481655,-0.09942265217403667,0.5998851097102851,0,1,Entry_Level
AU Bank Zenith Plus Credit Card,AUBank,4999,4999,4.0,8.0,1.99,10.0,0.5,400000,5000,Dining Travel Lifestyle,4 reward points per Rs.100. 8 lounge visits. Low forex. Dining and hotel discounts. Milestone bonus at 4L annual spend.,AUBank,4 reward points per Rs.100. 8 lounge visits. Low forex. Dining and hotel discounts. Milestone bonus at 4L annual spend.,4999.0,4999.0,10.0,400000.0,4.0,100.0,0.04,400.0,5000.0,8.0,0.0,1,travel,0,0,0,0,0,0,0,0,0,0,5000.0,0.02,8700.0,11200.0,0.0,24900.0,200.0,0.06225,10.0,0,0.20076305220883534,0.21385259491706032,0.22017659896768146,0.21761586303978897,-0.4576360044028855,0.2684551037899132,-0.4339707637529763,-0.43192059284204204,-0.5331378707330353,-0.4543469705447148,-0.49794729611604754,-0.4339707637529763,-0.5331378707330354,-0.09847432509467338,-0.9272934786794353,0,1,Entry_Level
Bank of Baroda Prime Credit Card,BankOfBaroda,499,499,2.0,2.0,3.5,2.0,0.25,75000,0,Dining Grocery OTT,"2 reward points per Rs.100. 10X on dining, grocery, OTT. 2 airport lounge visits per year.",BankOfBaroda,"2 reward points per Rs.100. 10X on dining, grocery, OTT. 2 airport lounge visits per year.",499.0,499.0,2.0,75000.0,2.0,100.0,0.02,200.0,0.0,2.0,0.0,0,dining,0,0,0,0,0,0,0,0,0,0,0.0,0.005,2120.0,2800.0,0.0,4920.0,50.0,0.0123,2.0,0,0.10142276422764228,-0.33120807613043723,-0.3243744928504826,-0.5238227350414963,-0.46521172652379716,-0.5926273045928272,-0.4522292566803073,-0.45104555210421676,-0.5499707073957631,-0.46481975741413906,-0.49794729611604754,-0.4522292566803072,-0.5499707073957633,-0.09914695679730728,0.5998851097102851,0,1,Entry_Level
IDFC First Bank Credit Card,IDFCFirst,0,0,3.0,4.0,1.99,3.0,0.25,0,0,Travel Dining,Lifetime free with 4 lounge visits. 3X reward points. Low 1.99% forex markup. 10X on first 90 days. Best lifetime-free travel card.,IDFCFirst,Lifetime free with 4 lounge visits. 3X reward points. Low 1.99% forex markup. 10X on first 90 days. Best lifetime-free travel card.,0.0,0.0,3.0,0.0,1.99,100.0,0.0199,1.99,0.0,4.0,0.0,1,travel,0,0,0,0,0,0,0,0,0,0,0.0,0.004975,2164.125,5600.0,0.0,7764.125,49.75,0.0194103125,6.0,0,0.0,-0.39164924831992637,-0.3847591583654301,-0.43114291028133567,-0.4652496051344017,-0.5926273045928272,-0.4522596875018528,-0.4509173015225384,-0.5475745766863848,-0.45958336397942695,-0.49794729611604754,-0.4522596875018528,-0.5475745766863848,-0.09983368891752412,-0.9272934786794353,0,1,Entry_Level
IDFC First Bank Wealth Credit Card,IDFCFirst,0,0,6.0,2004.0,1.5,18.0,0.25,0,0,Travel Lifestyle Priority Pass,Lifetime free. 6X reward points on all categories. Unlimited airport lounge via Priority Pass. 1.5% low forex. Best premium no-fee card.,IDFCFirst,Lifetime free. 6X reward points on all categories. Unlimited airport lounge via Priority Pass. 1.5% low forex. Best premium no-fee card.,0.0,0.0,18.0,0.0,1.5,100.0,0.015,1.5,0.0,2000.0,4.0,1,general,0,0,0,0,0,0,0,0,0,0,0.0,0.00375,1500.0,2809200.0,0.0,2810700.0,37.5,7.02675,2010.0,0,0.0,-0.39164924831992637,-0.3847591583654301,0.9590544611210743,-0.4671056570540251,-0.5926273045928272,-0.45375079775758487,-0.4528475999374308,1.813854940829887,2.163849746811344,-0.49794729611604754,-0.4537507977575848,1.8138549408298867,-0.09983368891752412,-1.4228679874946426,1,0,Premium
OneCard Credit Card,OneCard,0,0,5.0,0.0,1.0,3.0,1.0,0,0,All merchants 5X,5X reward coins on top 2 spend categories each month. Zero annual fee. Low 1% forex. Metal card. Best flexible rewards card.,OneCard,5X reward coins on top 2 spend categories each month. Zero annual fee. Low 1% forex. Metal card. Best flexible rewards card.,0.0,0.0,3.0,0.0,1.0,100.0,0.01,1.0,5.0,0.0,0.0,1,general,0,0,0,0,0,0,0,0,0,0,5.0,0.01,4000.0,0.0,0.0,4005.0,100.0,0.0100125,2.0,0,0.0,-0.39164924831992637,-0.3847591583654301,-0.43114291028133567,-0.46899958758425303,1.9906199205553938,-0.4461430923711969,-0.4455812780293097,-0.5507415805462335,-0.46481975741413906,-0.49794729611604754,-0.4461430923711969,-0.5507415805462335,-0.09983368891752412,-1.9285562617958747,0,1,Entry_Level
Slice Credit Card,Slice,0,0,1.0,0.0,3.5,1.5,1.0,0,0,All merchants,1-2% cashback on all spends. Zero annual fee. Instant approval. Best for students and first-time credit card users.,Slice,1-2% cashback on all spends. Zero annual fee. Instant approval. Best for students and first-time credit card users.,0.0,0.0,1.5,0.0,2.0,100.0,0.02,2.0,1.0,0.0,0.0,0,cashback,0,0,0,0,0,0,0,0,0,0,1.0,0.02,8000.0,0.0,0.0,8001.0,200.0,0.0200025,0.0,0,0.0,-0.39164924831992637,-0.3847591583654301,-0.5701626474215766,-0.46521172652379716,1.9906199205553938,-0.4339707637529763,-0.4339551629763159,-0.5473750132136879,-0.4674379541314951,-0.49794729611604754,-0.4339707637529763,-0.547375013213688,-0.09983368891752412,0.5998851097102851,0,1,Entry_Level
HDFC Freedom Credit Card,HDFC,0,0,1.0,0.0,3.5,1.5,0.25,0,0,Dining Movies Grocery,"Lifetime free. 5X CashPoints on EMI, dining, grocery, movie spends. 1X on all others. Best zero-fee HDFC starter card.",HDFC,"Lifetime free. 5X CashPoints on EMI, dining, grocery, movie spends. 1X on all others. Best zero-fee HDFC starter card.",0.0,0.0,1.5,0.0,,,1.0,100.0,0.0,0.0,0.0,0,dining,0,0,0,0,0,0,0,0,0,0,0.0,0.25,106000.0,0.0,0.0,106000.0,2500.0,0.265,0.0,0,0.0,-0.39164924831992637,-0.3847591583654301,-0.5701626474215766,-0.09400134259912422,-0.5926273045928272,-0.15400720553390132,-0.149115344177969,-0.4648123925875285,-0.4674379541314951,-0.49794729611604754,-0.15400720553390132,-0.4648123925875286,-0.09983368891752412,0.5998851097102851,0,1,Entry_Level
HDFC Swiggy Credit Card,HDFC,500,500,10.0,0.0,3.5,2.5,1.0,200000,0,Swiggy Instamart Dineout,10% cashback on Swiggy orders and Instamart. 5% on online purchases. 1% on other spends. Waived on 2L annual spend.,HDFC,10% cashback on Swiggy orders and Instamart. 5% on online purchases. 1% on other spends. Waived on 2L annual spend.,500.0,500.0,2.5,200000.0,10.0,100.0,0.1,10.0,5.0,0.0,0.0,0,dining,0,0,0,0,0,0,1,0,0,1,5.0,0.1,42400.0,1200.0,0.0,43605.0,1000.0,0.1090125,0.0,1,0.011466574934067194,-0.3310869515368711,-0.3242534814967452,-0.47748282266141595,-0.4349088380401504,1.9906199205553938,-0.33659213480721106,-0.33397057352056964,-0.5173792015750611,-0.4674379541314951,0.5827042826889919,-0.33659213480721106,-0.5173792015750612,-0.09975604889877623,0.5998851097102851,0,1,Entry_Level
HDFC IRCTC Credit Card,HDFC,500,500,5.0,0.0,3.5,2.0,0.25,100000,0,IRCTC,5% value back on IRCTC rail bookings. 1 reward point per Rs.100 on other spends. Best card for frequent train travellers.,HDFC,5% value back on IRCTC rail bookings. 1 reward point per Rs.100 on other spends. Best card for frequent train travellers.,500.0,500.0,2.0,100000.0,1.0,100.0,0.01,500.0,1.0,0.0,0.0,0,travel,0,0,0,0,0,0,0,0,0,0,1.0,0.0025,1087.5,0.0,0.0,1088.5,25.0,0.00272125,0.0,0,0.4593477262287552,-0.3310869515368711,-0.3242534814967452,-0.5238227350414963,-0.46899958758425303,-0.5926273045928272,-0.45527233883486246,-0.45404654305227077,-0.5531986860580875,-0.4674379541314951,-0.49794729611604754,-0.4552723388348624,-0.5531986860580876,-0.09672345187801853,0.5998851097102851,0,1,Entry_Level
HDFC Bharat Credit Card,HDFC,0,0,5.0,0.0,3.5,1.5,0.25,0,0,BPCL grocery,"5X CashPoints on BPCL fuel, grocery, movie and dining. Lifetime free. Designed for Bharat consumers with low income eligibility.",HDFC,"5X CashPoints on BPCL fuel, grocery, movie and dining. Lifetime free. Designed for Bharat consumers with low income eligibility.",0.0,0.0,1.5,0.0,,,5.0,500.0,0.0,0.0,0.0,0,dining,0,0,0,0,0,0,0,0,0,0,0.0,1.25,530000.0,0.0,0.0,530000.0,12500.0,1.325,0.0,0,0.0,-0.39164924831992637,-0.3847591583654301,-0.5701626474215766,1.4211430815832145,-0.5926273045928272,1.063225656288164,1.083252851439369,-0.10759904198709805,-0.4674379541314951,-0.49794729611604754,1.0632256562881635,-0.10759904198709813,-0.09983368891752412,0.5998851097102851,0,1,Entry_Level
HDFC Business Regalia Credit Card,HDFC,2500,2500,4.0,12.0,2.0,10.0,0.5,300000,2500,Business travel hotel,4 reward points per Rs.150. 12 airport lounge visits. Designed for business owners. GST input tax credit on fees. Travel benefits.,HDFC,4 reward points per Rs.150. 12 airport lounge visits. Designed for business owners. GST input tax credit on fees. Travel benefits.,2500.0,2500.0,10.0,300000.0,4.0,150.0,0.02666666666666667,400.0,2500.0,12.0,0.0,1,travel,0,0,0,0,0,0,0,0,0,0,2500.0,0.013333333333333334,5800.000000000001,16800.0,0.0,25100.0,133.33333333333334,0.06275,14.0,0,0.099601593625498,-0.08883776440464998,-0.08223077402200563,0.21761586303978897,-0.46268648581682664,0.2684551037899132,-0.44208564949845675,-0.4403495262554625,-0.5329693738695446,-0.4491105771100027,-0.49794729611604754,-0.4420856494984567,-0.5329693738695446,-0.09915928791802175,-0.9171797131934107,0,1,Entry_Level
SBI Prime Credit Card,SBI,2999,2999,10.0,8.0,3.5,6.0,0.25,300000,5000,Trident Bata Hush Puppies BookMyShow,"10 reward points per Rs.100 on dining, grocery, departmental stores, movies. 2X on all others. 8 lounge visits. Milestone bonus at 3L and 4L.",SBI,"10 reward points per Rs.100 on dining, grocery, departmental stores, movies. 2X on all others. 8 lounge visits. Milestone bonus at 3L and 4L.",2999.0,2999.0,6.0,300000.0,10.0,100.0,0.1,1000.0,5000.0,8.0,0.0,0,dining,0,1,0,0,0,0,0,0,0,1,5000.0,0.025,10600.0,12400.0,0.0,28000.0,250.0,0.07,8.0,1,0.10710714285714286,-0.02839659221516081,-0.021846108507058107,-0.15310343600085366,-0.4349088380401504,-0.5926273045928272,-0.427884599443866,-0.42639818819187,-0.5305261693489284,-0.45696516726207087,0.5827042826889919,-0.4278845994438659,-0.5305261693489285,-0.09910846794898927,0.5998851097102851,0,1,Entry_Level
SBI Aurum Credit Card,SBI,9999,9999,8.0,2000.0,1.99,18.0,0.5,1000000,20000,Taj ITC Marriott Amazon Swiggy,Unlimited airport lounge access. 8X reward points on all spends. Complimentary golf. Concierge. Milestone vouchers at 10L spend. Super premium SBI card.,SBI,Unlimited airport lounge access. 8X reward points on all spends. Complimentary golf. Concierge. Milestone vouchers at 10L spend. Super premium SBI card.,9999.0,9999.0,18.0,1000000.0,,,8.0,800.0,20000.0,2000.0,0.0,1,general,1,0,0,0,0,0,1,0,0,2,20000.0,4.0,1600000.0,2802400.0,9999.0,4412401.0,40000.0,11.0310025,2002.0,2,0.002266113166051771,0.8194755627476131,0.8252333676545304,0.9590544611210743,2.5575013997199685,0.2684551037899132,4.410616026298842,4.193238628115197,3.1632629145800286,2.1533769599419195,1.6633558614940314,4.410616026298842,3.1632629145800286,-0.09981834509692304,-0.9272934786794353,1,0,Premium
SBI Card PULSE,SBI,1999,1999,5.0,4.0,3.5,4.0,0.25,200000,0,Cult.fit Practo PharmEasy,"10 reward points on Cult.fit, Practo, Netmeds. 2X on other health and wellness spends. 4 lounge visits. Complimentary Practo Care subscription.",SBI,"10 reward points on Cult.fit, Practo, Netmeds. 2X on other health and wellness spends. 4 lounge visits. Complimentary Practo Care subscription.",1999.0,1999.0,4.0,200000.0,,,5.0,500.0,2.0,4.0,0.0,0,general,0,0,0,0,0,0,0,0,0,0,2.0,1.25,500000.0,5600.0,0.0,505602.0,12500.0,1.264005,4.0,0,0.003953702714783565,-0.14952118578127138,-0.14285746224442789,-0.338463085521175,1.4211430815832145,-0.5926273045928272,1.063225656288164,0.9960569885419157,-0.12815397436433695,-0.462201560696783,-0.49794729611604754,1.0632256562881635,-0.128153974364337,-0.09980691845165576,0.5998851097102851,0,1,Entry_Level
IRCTC SBI Platinum Credit Card,SBI,1499,500,10.0,0.0,3.5,2.0,0.25,0,0,IRCTC,10% value back on IRCTC bookings via points. 1 reward point per Rs.125. Fuel surcharge waiver. Best card for Indian Railways bookings.,SBI,10% value back on IRCTC bookings via points. 1 reward point per Rs.125. Fuel surcharge waiver. Best card for Indian Railways bookings.,1499.0,500.0,2.0,0.0,1.0,125.0,0.008,1000.0,0.0,0.0,0.0,0,general,0,0,0,0,0,0,0,0,0,0,0.0,0.002,800.0,0.0,1499.0,-699.0,20.0,-0.0017475,0.0,0,1499.0,-0.21008348256432666,-0.3242534814967452,-0.5238227350414963,-0.4697571597963442,-0.5926273045928272,-0.4558809552657735,-0.4548821700717047,-0.5547046267755363,-0.4674379541314951,-0.49794729611604754,-0.45588095526577344,-0.5547046267755363,10.04987437755297,0.5998851097102851,0,1,Entry_Level
Axis Bank Reserve Credit Card,Axis,50000,50000,15.0,2004.0,1.5,60.0,0.2,3500000,50000,Oberoi Taj Ritz Carlton AMEX,Unlimited global lounge access. 15 EDGE points per Rs.200. Priority Pass Prestige. Golf worldwide. Concierge 24x7. Ultra-premium invite-only card.,Axis,Unlimited global lounge access. 15 EDGE points per Rs.200. Priority Pass Prestige. Golf worldwide. Concierge 24x7. Ultra-premium invite-only card.,50000.0,50000.0,60.0,3500000.0,,,15.0,1500.0,50000.0,2000.0,4.0,1,general,0,0,0,0,0,0,0,0,0,0,50000.0,3.0,1200000.0,2809200.0,50000.0,4009200.0,30000.0,10.023,2010.0,0,0.0124713159732615,5.664580429985602,5.665808528503059,4.851607101047821,5.209004142039061,-0.7648437862693753,3.1933831644767774,3.0306271228158224,2.8235723952983207,2.163849746811344,-0.49794729611604754,3.1933831644767774,2.8235723952983207,-0.09974924581123104,-1.4228679874946426,2,2,Super_Premium
Axis Bank Privilege Credit Card,Axis,1500,1500,2.0,6.0,3.5,4.0,0.2,200000,0,MakeMyTrip Dining Lifestyle,"2 EDGE Reward points per Rs.100. 6 airport lounge visits. 10X on travel, utility, insurance. Fee waived at 2L annual spend.",Axis,"2 EDGE Reward points per Rs.100. 6 airport lounge visits. 10X on travel, utility, insurance. Fee waived at 2L annual spend.",1500.0,1500.0,4.0,200000.0,,,2.0,200.0,2.0,6.0,0.0,0,travel,0,0,0,0,1,0,0,0,0,1,2.0,0.4,174000.0,9600.0,0.0,183602.0,4000.0,0.459005,7.0,0,0.008169845644382959,-0.20996235797076054,-0.20324212775937542,-0.338463085521175,0.2847847634464604,-0.7648437862693753,0.028577723739408457,0.04852861172292479,-0.3994339245844752,-0.4582742656207489,-0.49794729611604754,0.028577723739408416,-0.3994339245844752,-0.09977837100675786,0.5998851097102851,0,1,Entry_Level
Axis Bank Airtel Credit Card,Axis,500,500,25.0,4.0,3.5,2.5,1.0,200000,0,Airtel Swiggy Zomato,25% cashback on Airtel app recharges & bill payments. 10% on Swiggy & Zomato. 1% unlimited on all others. 4 lounge visits/year.,Axis,25% cashback on Airtel app recharges & bill payments. 10% on Swiggy & Zomato. 1% unlimited on all others. 4 lounge visits/year.,500.0,500.0,2.5,200000.0,25.0,100.0,0.25,25.0,0.0,4.0,0.0,0,dining,0,0,0,0,0,0,1,0,1,2,0.0,0.25,106000.0,8000.0,0.0,114000.0,2500.0,0.285,4.0,2,0.0043859649122807015,-0.3310869515368711,-0.3242534814967452,-0.47748282266141595,-0.37809092213331275,1.9906199205553938,-0.15400720553390132,-0.149115344177969,-0.4580725180478977,-0.462201560696783,1.6633558614940314,-0.15400720553390132,-0.4580725180478978,-0.09980399161035305,0.5998851097102851,3,3,Mid_Tier
Axis Bank Atlas Credit Card,Axis,5000,5000,5.0,2000.0,2.0,12.0,0.2,750000,10000,MakeMyTrip Flight Hotels,5X EDGE Miles on travel spends. Unlimited airport lounge access. Miles redeemable for flights and hotels. Best Axis travel card.,Axis,5X EDGE Miles on travel spends. Unlimited airport lounge access. Miles redeemable for flights and hotels. Best Axis travel card.,5000.0,5000.0,12.0,750000.0,,,5.0,500.0,10000.0,2000.0,0.0,1,travel,0,0,0,0,1,0,0,0,0,1,10000.0,1.0,435000.0,2801200.0,5000.0,3241200.0,10000.0,8.103,2003.0,0,0.0015426385289398989,0.21397371951062644,0.22029761032141884,0.40297551256011027,1.4211430815832145,-0.7648437862693753,0.7589174408326476,0.8071326189307672,2.1765444394937674,2.1546860583005976,-0.49794729611604754,0.7589174408326473,2.1765444394937674,-0.0998232437335876,-0.9171797131934107,1,0,Premium
ICICI Bank Emeralde Private Metal Credit Card,ICICI,12000,12000,6.0,2004.0,1.5,25.0,0.25,1500000,20000,Taj ITC Oberoi Priority Pass,Unlimited Priority Pass lounge access. 6 reward points per Rs.100. 1.5% forex. Golf privileges. Premium hotel & dining benefits. Metal card.,ICICI,Unlimited Priority Pass lounge access. 6 reward points per Rs.100. 1.5% forex. Golf privileges. Premium hotel & dining benefits. Metal card.,12000.0,12000.0,25.0,1500000.0,6.0,100.0,0.06,600.0,20000.0,2000.0,4.0,1,travel,0,0,0,0,0,0,0,0,0,0,20000.0,0.015,6525.0,2809200.0,12000.0,2823725.0,150.0,7.0593125,2010.0,0,0.0042497056193503266,1.0618458744734005,1.0673770864830072,1.607813234442199,-0.4500602822819738,-0.5926273045928272,-0.4400569280620866,-0.43824229290210737,1.8248282990647233,2.163849746811344,-0.49794729611604754,-0.44005692806208657,1.824828299064723,-0.09980491422012261,-1.4228679874946426,1,0,Premium
ICICI Bank Platinum Credit Card,ICICI,0,0,2.0,0.0,3.5,2.0,0.25,0,0,Dining,Lifetime free. 2 reward points per Rs.100. Fuel surcharge waiver up to Rs.100/month. Easy first card for salaried individuals.,ICICI,Lifetime free. 2 reward points per Rs.100. Fuel surcharge waiver up to Rs.100/month. Easy first card for salaried individuals.,0.0,0.0,2.0,0.0,2.0,100.0,0.02,200.0,0.0,0.0,0.0,0,general,0,0,0,0,0,0,0,0,0,0,0.0,0.005,2000.0,0.0,0.0,2000.0,50.0,0.005,0.0,0,0.0,-0.39164924831992637,-0.3847591583654301,-0.5238227350414963,-0.46521172652379716,-0.5926273045928272,-0.4522292566803073,-0.45139433555580655,-0.5524307616027284,-0.4674379541314951,-0.49794729611604754,-0.4522292566803072,-0.5524307616027285,-0.09983368891752412,0.5998851097102851,0,1,Entry_Level
ICICI Bank MakeMyTrip Signature Credit Card,ICICI,2000,2000,8.0,6.0,3.5,5.0,0.25,200000,0,MakeMyTrip,8% cashback on MakeMyTrip bookings. 4% on dining. 1.5% on other spends. 6 airport lounge visits. My Cash Points redeemable on MMT.,ICICI,8% cashback on MakeMyTrip bookings. 4% on dining. 1.5% on other spends. 6 airport lounge visits. My Cash Points redeemable on MMT.,2000.0,2000.0,5.0,200000.0,8.0,100.0,0.08,8.0,4.0,6.0,0.0,0,travel,0,0,0,0,1,0,0,0,0,1,4.0,0.02,8700.0,9600.0,0.0,18304.0,200.0,0.04576,7.0,0,0.10926573426573427,-0.14940006118770527,-0.14273645089069054,-0.24578326076101434,-0.4424845601610621,-0.5926273045928272,-0.4339707637529763,-0.43192059284204204,-0.5386948972909609,-0.4582742656207489,-0.49794729611604754,-0.4339707637529763,-0.538694897290961,-0.09909385215670641,0.5998851097102851,0,1,Entry_Level
PNB RuPay Select Credit Card,PNB,499,499,2.0,4.0,3.5,2.0,0.25,50000,0,Dining Grocery,2 reward points per Rs.100. 4 domestic lounge visits. Fuel surcharge waiver. Accepted on RuPay network domestically. Good PSU bank card.,PNB,2 reward points per Rs.100. 4 domestic lounge visits. Fuel surcharge waiver. Accepted on RuPay network domestically. Good PSU bank card.,499.0,499.0,2.0,50000.0,2.0,100.0,0.02,200.0,0.0,4.0,0.0,0,general,0,0,0,0,0,0,0,0,0,0,0.0,0.005,2000.0,5600.0,0.0,7600.0,50.0,0.019,4.0,0,0.06565789473684211,-0.33120807613043723,-0.3243744928504826,-0.5238227350414963,-0.46521172652379716,-0.5926273045928272,-0.4522292566803073,-0.45139433555580655,-0.5477128494249869,-0.462201560696783,-0.49794729611604754,-0.4522292566803072,-0.547712849424987,-0.09938912022917322,0.5998851097102851,0,1,Entry_Level
PNB Pride Rupay Select Credit Card,PNB,999,999,3.0,6.0,3.5,3.0,0.25,100000,0,Travel Dining,3 reward points per Rs.100. 6 airport lounge visits. 5X on travel and dining. Insurance benefits. Good government bank mid-tier card.,PNB,3 reward points per Rs.100. 6 airport lounge visits. 5X on travel and dining. Insurance benefits. Good government bank mid-tier card.,999.0,999.0,3.0,100000.0,3.0,100.0,0.03,300.0,0.0,6.0,0.0,0,travel,0,0,0,0,0,0,0,0,0,0,0.0,0.0075,3262.5,8400.0,0.0,11662.5,75.0,0.02915625,6.0,0,0.08565916398713827,-0.27064577934738193,-0.2638688159817977,-0.43114291028133567,-0.46142386546334135,-0.5926273045928272,-0.4491861745257521,-0.4477248429922054,-0.5442902568853306,-0.45958336397942695,-0.49794729611604754,-0.4491861745257521,-0.5442902568853307,-0.09925369191439712,0.5998851097102851,0,1,Entry_Level
Canara Bank RuPay Platinum Credit Card,CanaraBank,500,500,1.0,2.0,3.5,2.0,0.25,50000,0,,1 reward point per Rs.100. 2 domestic airport lounge visits. Fuel surcharge waiver. Accepted at all RuPay merchants. PSU bank entry-level card.,CanaraBank,1 reward point per Rs.100. 2 domestic airport lounge visits. Fuel surcharge waiver. Accepted at all RuPay merchants. PSU bank entry-level card.,500.0,500.0,2.0,50000.0,1.0,100.0,0.01,100.0,0.0,2.0,0.0,0,general,0,0,0,0,0,0,0,0,0,0,0.0,0.0025,1000.0,2800.0,0.0,3800.0,25.0,0.0095,2.0,0,0.13157894736842105,-0.3310869515368711,-0.3242534814967452,-0.5238227350414963,-0.46899958758425303,-0.5926273045928272,-0.45527233883486246,-0.454300864319055,-0.5509142898313114,-0.46481975741413906,-0.49794729611604754,-0.4552723388348624,-0.5509142898313115,-0.09894276970239206,0.5998851097102851,0,1,Entry_Level
Canara Bank Visa Gold Credit Card,CanaraBank,0,0,1.0,0.0,3.5,1.5,0.25,0,0,,Lifetime free Visa Gold card. 1 reward point per Rs.100. Basic entry-level card for Canara Bank account holders. Easy approval.,CanaraBank,Lifetime free Visa Gold card. 1 reward point per Rs.100. Basic entry-level card for Canara Bank account holders. Easy approval.,0.0,0.0,1.5,0.0,1.0,100.0,0.01,100.0,0.0,0.0,0.0,0,general,0,0,0,0,0,0,0,0,0,0,0.0,0.0025,1000.0,0.0,0.0,1000.0,25.0,0.0025,0.0,0,0.0,-0.39164924831992637,-0.3847591583654301,-0.5701626474215766,-0.46899958758425303,-0.5926273045928272,-0.45527233883486246,-0.454300864319055,-0.5532732459201822,-0.4674379541314951,-0.49794729611604754,-0.4552723388348624,-0.5532732459201823,-0.09983368891752412,0.5998851097102851,0,1,Entry_Level
Union Bank of India Visa Classic Credit Card,UnionBank,250,250,1.0,0.0,3.5,1.5,0.25,25000,0,,1 reward point per Rs.100. Low annual fee. Insurance coverage. Good starter card for Union Bank existing customers.,UnionBank,1 reward point per Rs.100. Low annual fee. Insurance coverage. Good starter card for Union Bank existing customers.,250.0,250.0,1.5,25000.0,1.0,100.0,0.01,100.0,0.0,0.0,0.0,0,general,0,0,0,0,0,0,0,0,0,0,0.0,0.0025,1000.0,0.0,0.0,1000.0,25.0,0.0025,0.0,0,0.25,-0.36136809992839874,-0.35450631993108767,-0.5701626474215766,-0.46899958758425303,-0.5926273045928272,-0.45527233883486246,-0.454300864319055,-0.5532732459201822,-0.4674379541314951,-0.49794729611604754,-0.4552723388348624,-0.5532732459201823,-0.0981409424087732,0.5998851097102851,0,1,Entry_Level
Union Bank RuPay Credit Card,UnionBank,0,0,1.0,0.0,3.5,1.5,0.25,0,0,,Zero fee RuPay credit card. 1 reward point per Rs.100. UPI-linked credit card on RuPay network. Best for UPI credit card usage.,UnionBank,Zero fee RuPay credit card. 1 reward point per Rs.100. UPI-linked credit card on RuPay network. Best for UPI credit card usage.,0.0,0.0,1.5,0.0,1.0,100.0,0.01,100.0,0.0,0.0,0.0,0,general,0,0,0,0,0,0,0,0,0,0,0.0,0.0025,1000.0,0.0,0.0,1000.0,25.0,0.0025,0.0,0,0.0,-0.39164924831992637,-0.3847591583654301,-0.5701626474215766,-0.46899958758425303,-0.5926273045928272,-0.45527233883486246,-0.454300864319055,-0.5532732459201822,-0.4674379541314951,-0.49794729611604754,-0.4552723388348624,-0.5532732459201823,-0.09983368891752412,0.5998851097102851,0,1,Entry_Level
Bank of Baroda Eterna Credit Card,BankOfBaroda,2499,2499,5.0,8.0,2.0,6.0,0.25,250000,2500,Travel Dining Lifestyle,5 reward points per Rs.100. 8 airport lounge visits. Low 2% forex markup. Best premium card from Bank of Baroda.,BankOfBaroda,5 reward points per Rs.100. 8 airport lounge visits. Low 2% forex markup. Best premium card from Bank of Baroda.,2499.0,2499.0,6.0,250000.0,5.0,100.0,0.05,500.0,2500.0,8.0,0.0,1,general,0,0,0,0,0,0,0,0,0,0,2500.0,0.0125,5000.0,11200.0,0.0,18700.0,125.0,0.04675,10.0,0,0.13363636363636364,-0.08895888899821609,-0.082351785375743,-0.15310343600085366,-0.4538481433424296,-0.5926273045928272,-0.44310001021664175,-0.44267474926606126,-0.5383612735012492,-0.4543469705447148,-0.49794729611604754,-0.44310001021664175,-0.5383612735012492,-0.09892883896557364,-0.9171797131934107,0,1,Entry_Level
Bank of Baroda Select Credit Card,BankOfBaroda,750,750,2.0,4.0,3.5,3.0,0.25,75000,0,Dining Grocery OTT,2 reward points per Rs.100. 4 airport lounge visits. 10X on select categories. Budget-friendly mid-tier PSU card.,BankOfBaroda,2 reward points per Rs.100. 4 airport lounge visits. 10X on select categories. Budget-friendly mid-tier PSU card.,750.0,750.0,3.0,75000.0,2.0,100.0,0.02,200.0,0.0,4.0,0.0,0,general,0,0,0,0,0,0,0,0,0,0,0.0,0.005,2000.0,5600.0,0.0,7600.0,50.0,0.019,4.0,0,0.09868421052631579,-0.30080580314534344,-0.29400064306240276,-0.43114291028133567,-0.46521172652379716,-0.5926273045928272,-0.4522292566803073,-0.45139433555580655,-0.5477128494249869,-0.462201560696783,-0.49794729611604754,-0.4522292566803072,-0.547712849424987,-0.09916549950617508,0.5998851097102851,0,1,Entry_Level
IDBI Bank Royale Signature Credit Card,IDBI,1500,1500,2.0,4.0,3.5,4.0,0.25,150000,0,Dining Travel,2 reward points per Rs.100. 4 airport lounge visits. Golf privileges. Dining offers. Travel insurance. Good mid-tier PSU premium card.,IDBI,2 reward points per Rs.100. 4 airport lounge visits. Golf privileges. Dining offers. Travel insurance. Good mid-tier PSU premium card.,1500.0,1500.0,4.0,150000.0,2.0,100.0,0.02,200.0,0.0,4.0,0.0,0,travel,0,0,0,0,0,0,0,0,0,0,0.0,0.005,2175.0,5600.0,0.0,7775.0,50.0,0.0194375,4.0,0,0.19292604501607716,-0.20996235797076054,-0.20324212775937542,-0.338463085521175,-0.46521172652379716,-0.5926273045928272,-0.4522292566803073,-0.4508856930222381,-0.5475654146694324,-0.462201560696783,-0.49794729611604754,-0.4522292566803072,-0.5475654146694325,-0.09852738936093176,0.5998851097102851,0,1,Entry_Level
IDBI Bank Euphoria World Credit Card,IDBI,500,500,2.0,2.0,3.5,2.5,0.25,50000,0,,2 reward points per Rs.100. 2 airport lounge visits per year. Fuel surcharge waiver. Easy eligibility for IDBI account holders.,IDBI,2 reward points per Rs.100. 2 airport lounge visits per year. Fuel surcharge waiver. Easy eligibility for IDBI account holders.,500.0,500.0,2.5,50000.0,2.0,100.0,0.02,200.0,0.0,2.0,0.0,0,general,0,0,0,0,0,0,0,0,0,0,0.0,0.005,2000.0,2800.0,0.0,4800.0,50.0,0.012,2.0,0,0.10416666666666667,-0.3310869515368711,-0.3242534814967452,-0.47748282266141595,-0.46521172652379716,-0.5926273045928272,-0.4522292566803073,-0.45139433555580655,-0.5500718055138576,-0.46481975741413906,-0.49794729611604754,-0.4522292566803072,-0.5500718055138577,-0.09912837787221124,0.5998851097102851,0,1,Entry_Level
Citi Rewards Credit Card,Citi,1000,1000,10.0,0.0,3.5,4.0,0.3,125000,0,Apparel stores Flipkart,"10 reward points per Rs.125 on apparel and departmental stores. 1X on all other categories. Points redeemable for flights, hotel, vouchers.",Citi,"10 reward points per Rs.125 on apparel and departmental stores. 1X on all other categories. Points redeemable for flights, hotel, vouchers.",1000.0,1000.0,4.0,125000.0,10.0,125.0,0.08,1000.0,0.0,0.0,0.0,0,travel,0,0,0,1,0,0,0,0,0,1,0.0,0.024,10440.0,1200.0,0.0,11640.0,240.0,0.0291,0.0,1,0.0859106529209622,-0.2705246547538158,-0.2637478046280603,-0.338463085521175,-0.4424845601610621,-0.4204108229162792,-0.429101832305688,-0.42686323279398974,-0.5443092127824734,-0.4674379541314951,0.5827042826889919,-0.429101832305688,-0.5443092127824735,-0.09925198908633824,0.5998851097102851,0,1,Entry_Level
Citi Cashback Credit Card,Citi,500,500,5.0,0.0,3.5,2.5,1.0,0,0,Movies Telephone Utility,"5% cashback on movie tickets, telephone bills, utility payments. 0.5% on all other spends. Auto-credited monthly. No redemption hassle.",Citi,"5% cashback on movie tickets, telephone bills, utility payments. 0.5% on all other spends. Auto-credited monthly. No redemption hassle.",500.0,500.0,2.5,0.0,5.0,100.0,0.05,5.0,0.5,0.0,0.0,0,cashback,0,0,0,0,0,0,0,0,0,0,0.5,0.05,20000.0,0.0,500.0,19500.5,500.0,0.04875125,0.0,0,0.02564036819568729,-0.3310869515368711,-0.3242534814967452,-0.47748282266141595,-0.4538481433424296,1.9906199205553938,-0.3974537778983144,-0.3990768178173347,-0.5376868648051274,-0.4674379541314951,-0.49794729611604754,-0.3974537778983143,-0.5376868648051274,-0.09966007834253877,0.5998851097102851,0,1,Entry_Level
Citi PremierMiles Credit Card,Citi,3000,3000,10.0,12.0,3.5,8.0,0.4,300000,10000,Airlines Hotels MakeMyTrip,10 PremierMiles per Rs.100 on flights. 4X on all else. Miles never expire. Transfer to 10+ airline programmes. 12 lounge visits. Best Citi travel card.,Citi,10 PremierMiles per Rs.100 on flights. 4X on all else. Miles never expire. Transfer to 10+ airline programmes. 12 lounge visits. Best Citi travel card.,3000.0,3000.0,8.0,300000.0,,,10.0,1000.0,10000.0,12.0,0.0,0,travel,0,0,0,0,1,0,0,0,0,1,10000.0,4.0,1740000.0,18000.0,0.0,1768000.0,40000.0,4.42,13.0,0,0.0016968325791855204,-0.028275467621594698,-0.021725097153320737,0.03225621351946765,3.3150736118111377,-0.0759778595631829,4.410616026298842,4.600152654969978,0.9353965430207624,-0.4504196754686807,-0.49794729611604754,4.410616026298842,0.9353965430207624,-0.09982219968782671,0.5998851097102851,0,1,Entry_Level
Standard Chartered Ultimate Credit Card,StandardChartered,5000,5000,5.0,2004.0,0.0,12.0,0.3,750000,10000,Priority Pass Travel Lifestyle,5 reward points per Rs.150. Zero forex markup. Unlimited Priority Pass lounge access. Golf privileges. 5 complimentary lounge visits per quarter.,StandardChartered,5 reward points per Rs.150. Zero forex markup. Unlimited Priority Pass lounge access. Golf privileges. 5 complimentary lounge visits per quarter.,5000.0,5000.0,12.0,750000.0,5.0,150.0,0.03333333333333333,500.0,10000.0,2000.0,4.0,1,general,0,0,0,0,0,0,0,0,0,0,10000.0,0.01,4000.0,2809200.0,5000.0,2818200.0,100.0,7.0455,2010.0,0,0.0017741821020509545,0.21397371951062644,0.22029761032141884,0.40297551256011027,-0.460161245109856,-0.4204108229162792,-0.4461430923711969,-0.4455812780293097,1.8201735732107907,2.163849746811344,-0.49794729611604754,-0.4461430923711969,1.8201735732107907,-0.09982167595528757,-2.9399328103983384,1,0,Premium
Standard Chartered Manhattan Cashback Card,StandardChartered,999,999,5.0,0.0,3.5,3.0,1.0,100000,0,Supermarkets Grocery,5% cashback at supermarkets. 3% on dining. 1% on all others. Maximum cashback Rs.500/month. Great grocery and dining cashback card.,StandardChartered,5% cashback at supermarkets. 3% on dining. 1% on all others. Maximum cashback Rs.500/month. Great grocery and dining cashback card.,999.0,999.0,3.0,100000.0,5.0,100.0,0.05,5.0,0.0,0.0,0.0,0,dining,0,0,0,0,0,0,0,0,0,0,0.0,0.05,21200.0,0.0,0.0,21200.0,500.0,0.053,0.0,0,0.04712264150943396,-0.27064577934738193,-0.2638688159817977,-0.43114291028133567,-0.4538481433424296,1.9906199205553938,-0.3974537778983144,-0.39558898330143655,-0.5362550627076146,-0.4674379541314951,-0.49794729611604754,-0.3974537778983143,-0.5362550627076147,-0.09951462216993126,0.5998851097102851,0,1,Entry_Level
IndusInd Bank Nexxt Credit Card,IndusInd,999,999,2.0,4.0,3.5,3.0,0.4,100000,0,All categories,"Interactive card with a button to switch between rewards, EMI, and cash on every transaction. 2 reward points per Rs.100. Unique fintech feature.",IndusInd,"Interactive card with a button to switch between rewards, EMI, and cash on every transaction. 2 reward points per Rs.100. Unique fintech feature.",999.0,999.0,3.0,100000.0,2.0,100.0,0.02,200.0,0.0,4.0,0.0,0,general,0,0,0,0,0,0,0,0,0,0,0.0,0.008,3200.0,5600.0,0.0,8800.0,80.0,0.022,4.0,0,0.11352272727272728,-0.27064577934738193,-0.2638688159817977,-0.43114291028133567,-0.46521172652379716,-0.0759778595631829,-0.44857755809484107,-0.4479065010399084,-0.5467018682440422,-0.462201560696783,-0.49794729611604754,-0.44857755809484107,-0.5467018682440423,-0.09906502811650496,0.5998851097102851,0,1,Entry_Level
IndusInd EazyDiner Credit Card,IndusInd,1999,1999,5.0,4.0,3.5,5.0,0.4,200000,0,EazyDiner Dining,25% off at EazyDiner partner restaurants. 5 reward points on dining. EazyDiner Prime membership complimentary. Best dining-focused card.,IndusInd,25% off at EazyDiner partner restaurants. 5 reward points on dining. EazyDiner Prime membership complimentary. Best dining-focused card.,1999.0,1999.0,5.0,200000.0,25.0,100.0,0.25,25.0,0.0,4.0,0.0,0,dining,0,0,0,0,0,0,0,0,1,1,0.0,0.1,42400.0,6800.0,0.0,49200.0,1000.0,0.123,4.0,1,0.040630081300813005,-0.14952118578127138,-0.14285746224442789,-0.24578326076101434,-0.37809092213331275,-0.0759778595631829,-0.33659213480721106,-0.33397057352056964,-0.5126655018189069,-0.462201560696783,0.5827042826889919,-0.33659213480721106,-0.5126655018189069,-0.09955858320443525,0.5998851097102851,0,1,Entry_Level
Kotak PVR Platinum Credit Card,Kotak,999,999,2.0,0.0,3.5,3.0,0.25,100000,0,PVR Cinemas,"2 free PVR tickets every month on minimum Rs.10,000 spend. 2 reward points per Rs.100. Best for frequent movie goers. Fee waived at 1L spend.",Kotak,"2 free PVR tickets every month on minimum Rs.10,000 spend. 2 reward points per Rs.100. Best for frequent movie goers. Fee waived at 1L spend.",999.0,999.0,3.0,100000.0,2.0,100.0,0.02,200.0,10000.0,0.0,0.0,0,general,0,0,0,0,0,0,0,0,0,0,10000.0,0.005,2000.0,0.0,0.0,12000.0,50.0,0.03,0.0,0,0.08325,-0.27064577934738193,-0.2638688159817977,-0.43114291028133567,-0.46521172652379716,-0.5926273045928272,-0.4522292566803073,-0.45139433555580655,-0.5440059184281899,-0.4674379541314951,-0.49794729611604754,-0.4522292566803072,-0.54400591842819,-0.09927000433011006,0.5998851097102851,0,1,Entry_Level
Kotak League Platinum Credit Card,Kotak,0,0,4.0,0.0,3.5,2.0,0.25,0,0,All merchants,Lifetime free platinum card. 4X reward points on all online spends. 1X on offline. No joining or renewal charges. Great no-fee Kotak starter.,Kotak,Lifetime free platinum card. 4X reward points on all online spends. 1X on offline. No joining or renewal charges. Great no-fee Kotak starter.,0.0,0.0,2.0,0.0,,,4.0,400.0,4.0,0.0,0.0,0,ecommerce,0,0,0,0,0,0,0,0,0,0,4.0,1.0,415000.0,0.0,0.0,415004.0,10000.0,1.03751,0.0,0,0.0,-0.39164924831992637,-0.3847591583654301,-0.5238227350414963,1.0423569755376298,-0.5926273045928272,0.7589174408326476,0.7490020436657984,-0.20448136855702045,-0.4674379541314951,-0.49794729611604754,0.7589174408326473,-0.20448136855702054,-0.09983368891752412,0.5998851097102851,0,1,Entry_Level
YES First Preferred Credit Card,YESBank,999,999,6.0,4.0,3.5,4.0,0.25,100000,0,Amazon Swiggy,"6 YES Reward Points per Rs.100 on Amazon, Swiggy. 3X on other online. 4 airport lounge visits. Good mid-tier YES Bank card.",YESBank,"6 YES Reward Points per Rs.100 on Amazon, Swiggy. 3X on other online. 4 airport lounge visits. Good mid-tier YES Bank card.",999.0,999.0,4.0,100000.0,,,6.0,600.0,0.0,4.0,0.0,0,dining,1,0,0,0,0,0,1,0,0,2,0.0,1.5,636000.0,8000.0,0.0,644000.0,15000.0,1.61,4.0,2,0.0015512422360248446,-0.27064577934738193,-0.2638688159817977,-0.338463085521175,1.799929187628799,-0.5926273045928272,1.36753387174368,1.3913449003437033,-0.01155582979735968,-0.462201560696783,1.6633558614940314,1.3675338717436798,-0.011555829797359717,-0.09982318547800709,0.5998851097102851,3,3,Mid_Tier
YES Bank Wellness Plus Credit Card,YESBank,1499,1499,3.0,4.0,3.5,4.0,0.25,150000,0,Practo Cure.fit PharmEasy,"50% discount on health check-ups. 3X points on health, wellness, pharmacy. Complimentary health insurance add-ons. Best wellness card.",YESBank,"50% discount on health check-ups. 3X points on health, wellness, pharmacy. Complimentary health insurance add-ons. Best wellness card.",1499.0,1499.0,4.0,150000.0,50.0,100.0,0.5,50.0,0.0,4.0,0.0,0,general,0,0,0,0,0,0,0,0,0,0,0.0,0.125,50000.0,5600.0,0.0,55600.0,1250.0,0.139,4.0,0,0.026960431654676258,-0.21008348256432666,-0.2033631391131128,-0.338463085521175,-0.28339439562191654,-0.5926273045928272,-0.30616131326165946,-0.31188095491988155,-0.5072736021872023,-0.462201560696783,-0.49794729611604754,-0.30616131326165946,-0.5072736021872023,-0.09965114021129264,0.5998851097102851,0,1,Entry_Level
RBL Bank Titanium Delight Credit Card,RBL,1000,1000,5.0,0.0,3.5,3.0,0.25,100000,0,Grocery Movies Dining,5X reward points on grocery and movies on Tuesdays and Fridays. 1X on all others. Good for targeted high-frequency spenders.,RBL,5X reward points on grocery and movies on Tuesdays and Fridays. 1X on all others. Good for targeted high-frequency spenders.,1000.0,1000.0,3.0,100000.0,,,5.0,500.0,0.0,0.0,0.0,0,general,0,0,0,0,0,0,0,0,0,0,0.0,1.25,500000.0,0.0,0.0,500000.0,12500.0,1.25,0.0,0,0.002,-0.2705246547538158,-0.2637478046280603,-0.43114291028133567,1.4211430815832145,-0.5926273045928272,1.063225656288164,0.9960569885419157,-0.1328735715107134,-0.4674379541314951,-0.49794729611604754,1.0632256562881635,-0.13287357151071347,-0.0998201469454541,0.5998851097102851,0,1,Entry_Level
RBL Bank Monthly Treats Credit Card,RBL,0,0,2.0,0.0,3.5,1.5,0.25,0,0,Grocery,Zero annual fee. 2X reward points on grocery. 1X on all others. Vouchers on monthly milestones. Good honest no-fee grocery card.,RBL,Zero annual fee. 2X reward points on grocery. 1X on all others. Vouchers on monthly milestones. Good honest no-fee grocery card.,0.0,0.0,1.5,0.0,,,2.0,200.0,0.0,0.0,0.0,0,general,0,0,0,0,0,0,0,0,0,0,0.0,0.5,200000.0,0.0,0.0,200000.0,5000.0,0.5,0.0,0,0.0,-0.39164924831992637,-0.3847591583654301,-0.5701626474215766,0.2847847634464604,-0.5926273045928272,0.15030100992161494,0.12409835956738417,-0.385618866746867,-0.4674379541314951,-0.49794729611604754,0.1503010099216149,-0.3856188667468671,-0.09983368891752412,0.5998851097102851,0,1,Entry_Level
AU Bank Eminence Credit Card,AUBank,9999,9999,5.0,2006.0,1.75,25.0,0.5,1500000,15000,Taj Hotels Priority Pass Lifestyle,Unlimited lounge access via Priority Pass. 5 reward points per Rs.100. Low 1.75% forex. Concierge. Hotel privileges. Best AU Bank premium card.,AUBank,Unlimited lounge access via Priority Pass. 5 reward points per Rs.100. Low 1.75% forex. Concierge. Hotel privileges. Best AU Bank premium card.,9999.0,9999.0,25.0,1500000.0,5.0,100.0,0.05,500.0,15000.0,2000.0,6.0,1,travel,0,0,0,0,0,0,0,0,0,0,15000.0,0.025,10875.0,2813800.0,9999.0,2829676.0,250.0,7.07419,2014.0,0,0.003533620103503016,0.8194755627476131,0.8252333676545304,1.607813234442199,-0.4538481433424296,0.2684551037899132,-0.427884599443866,-0.42559889278197666,1.829841923237891,2.1690861402460557,-0.49794729611604754,-0.4278845994438659,1.8298419232378909,-0.09980976282515029,-1.1700238503440268,1,0,Premium
IDFC First Millennia Credit Card,IDFCFirst,0,0,3.0,0.0,3.5,2.0,0.25,0,0,Dining Grocery Movies,"Lifetime free. 3X on online categories. 10X on first 90 days. Movie offers, dining discounts. Best starter card for young professionals.",IDFCFirst,"Lifetime free. 3X on online categories. 10X on first 90 days. Movie offers, dining discounts. Best starter card for young professionals.",0.0,0.0,2.0,0.0,,,3.0,300.0,0.0,0.0,0.0,0,dining,0,0,0,0,0,0,0,0,0,0,0.0,0.75,318000.0,0.0,0.0,318000.0,7500.0,0.795,0.0,0,0.0,-0.39164924831992637,-0.3847591583654301,-0.5238227350414963,0.6635708694920451,-0.5926273045928272,0.4546092253771312,0.4670687536306999,-0.28620571728731325,-0.4674379541314951,-0.49794729611604754,0.45460922537713117,-0.2862057172873133,-0.09983368891752412,0.5998851097102851,0,1,Entry_Level
IDFC First Select Credit Card,IDFCFirst,0,0,6.0,4.0,1.99,6.0,0.25,0,0,Travel Dining Lifestyle,Lifetime free. 6X reward points on all categories. 4 lounge visits. 1.99% forex. 10X on first 90 days. Best mid-premium no-fee card.,IDFCFirst,Lifetime free. 6X reward points on all categories. 4 lounge visits. 1.99% forex. 10X on first 90 days. Best mid-premium no-fee card.,0.0,0.0,6.0,0.0,1.99,100.0,0.0199,1.99,0.0,4.0,0.0,1,general,0,0,0,0,0,0,0,0,0,0,0.0,0.004975,1990.0,5600.0,0.0,7590.0,49.75,0.018975,6.0,0,0.0,-0.39164924831992637,-0.3847591583654301,-0.15310343600085366,-0.4652496051344017,-0.5926273045928272,-0.4522596875018528,-0.451423400843439,-0.5477212742681614,-0.45958336397942695,-0.49794729611604754,-0.4522596875018528,-0.5477212742681614,-0.09983368891752412,-0.9272934786794353,0,1,Entry_Level
Bajaj Finserv RBL Bank SuperCard,BajajFinserv,499,499,2.0,0.0,3.5,2.0,0.25,50000,0,Bajaj EMI Network,"4-in-1 card with credit, EMI, personal loan and cash advance features. 2 reward points per Rs.100. Best for Bajaj Finserv EMI network users.",BajajFinserv,"4-in-1 card with credit, EMI, personal loan and cash advance features. 2 reward points per Rs.100. Best for Bajaj Finserv EMI network users.",499.0,499.0,2.0,50000.0,2.0,100.0,0.02,200.0,0.0,0.0,0.0,0,general,0,0,0,0,0,0,0,0,0,0,0.0,0.005,2000.0,0.0,0.0,2000.0,50.0,0.005,0.0,0,0.2495,-0.33120807613043723,-0.3243744928504826,-0.5238227350414963,-0.46521172652379716,-0.5926273045928272,-0.4522292566803073,-0.45139433555580655,-0.5524307616027284,-0.4674379541314951,-0.49794729611604754,-0.4522292566803072,-0.5524307616027285,-0.09814432790179071,0.5998851097102851,0,1,Entry_Level
Paytm SBI Credit Card,SBI,499,499,3.0,0.0,3.5,2.0,1.0,100000,0,Paytm,3% cashback on Paytm app spends. 2% on Paytm Mall. 1% on all other online. Cashback credited as Paytm First Gold. Fee waived at 1L spend.,SBI,3% cashback on Paytm app spends. 2% on Paytm Mall. 1% on all other online. Cashback credited as Paytm First Gold. Fee waived at 1L spend.,499.0,499.0,2.0,100000.0,3.0,100.0,0.03,3.0,3.0,0.0,0.0,0,ecommerce,0,0,0,0,0,0,0,0,0,0,3.0,0.03,12450.0,0.0,0.0,12453.0,300.0,0.0311325,0.0,0,0.04007066570304344,-0.33120807613043723,-0.3243744928504826,-0.5238227350414963,-0.46142386546334135,1.9906199205553938,-0.4217984351347557,-0.42102110997986036,-0.5436242730323834,-0.4674379541314951,-0.49794729611604754,-0.4217984351347556,-0.5436242730323834,-0.09956237099963551,0.5998851097102851,0,1,Entry_Level
Paytm SBI Select Credit Card,SBI,1499,1499,5.0,4.0,3.5,4.0,1.0,200000,0,Paytm Movies Recharge,5% cashback on Paytm platform. 2% on other online. 1% offline. 4 lounge visits/year. Best for Paytm heavy users wanting airport lounge.,SBI,5% cashback on Paytm platform. 2% on other online. 1% offline. 4 lounge visits/year. Best for Paytm heavy users wanting airport lounge.,1499.0,1499.0,4.0,200000.0,5.0,100.0,0.05,5.0,0.0,4.0,0.0,0,ecommerce,0,0,0,0,0,0,0,0,0,0,0.0,0.05,20750.0,5600.0,0.0,26350.0,500.0,0.065875,4.0,0,0.05688804554079696,-0.21008348256432666,-0.2033631391131128,-0.338463085521175,-0.4538481433424296,1.9906199205553938,-0.3974537778983144,-0.39689692124489834,-0.5319162684727272,-0.462201560696783,-0.49794729611604754,-0.3974537778983143,-0.5319162684727273,-0.09944850075560874,0.5998851097102851,0,1,Entry_Level
Fi Money Federal Bank Credit Card,FederalBank,0,0,2.0,0.0,1.0,2.5,1.0,0,0,Fi App,Lifetime free. 2% rewards on all spends. Low 1% forex on international transactions. App-first experience. No hidden charges. Best neobank credit card.,FederalBank,Lifetime free. 2% rewards on all spends. Low 1% forex on international transactions. App-first experience. No hidden charges. Best neobank credit card.,0.0,0.0,2.5,0.0,2.0,100.0,0.02,2.0,2.0,0.0,0.0,1,general,0,0,0,0,0,0,0,0,0,0,2.0,0.02,8000.0,0.0,0.0,8002.0,200.0,0.020005,2.0,0,0.0,-0.39164924831992637,-0.3847591583654301,-0.47748282266141595,-0.46521172652379716,1.9906199205553938,-0.4339707637529763,-0.4339551629763159,-0.5473741707293704,-0.46481975741413906,-0.49794729611604754,-0.4339707637529763,-0.5473741707293704,-0.09983368891752412,-1.9285562617958747,0,1,Entry_Level
Scapia Federal Bank Credit Card,FederalBank,0,0,10.0,2000.0,0.0,3.0,1.0,0,0,Travel flights hotels,Zero annual fee. 10% Scapia coins on travel. Zero forex markup. Unlimited domestic lounge access. Best zero-fee travel card in India 2024.,FederalBank,Zero annual fee. 10% Scapia coins on travel. Zero forex markup. Unlimited domestic lounge access. Best zero-fee travel card in India 2024.,0.0,0.0,3.0,0.0,10.0,100.0,0.1,10.0,0.0,2000.0,0.0,1,travel,0,0,0,0,0,0,0,0,0,0,0.0,0.1,43500.0,2800000.0,0.0,2843500.0,1000.0,7.10875,2002.0,0,0.0,-0.39164924831992637,-0.3847591583654301,-0.43114291028133567,-0.4349088380401504,1.9906199205553938,-0.33659213480721106,-0.33077339188099636,1.841488426442373,2.1533769599419195,-0.49794729611604754,-0.33659213480721106,1.841488426442373,-0.09983368891752412,-2.9399328103983384,1,0,Premium
Kreditbee Bank Credit Card,IDFCFirst,0,0,1.0,0.0,3.5,1.5,0.25,0,0,,Entry-level card for individuals with limited credit history. Zero annual fee. Secured or unsecured option. Best for building credit score.,IDFCFirst,Entry-level card for individuals with limited credit history. Zero annual fee. Secured or unsecured option. Best for building credit score.,0.0,0.0,1.5,0.0,,,1.0,100.0,0.0,0.0,0.0,0,general,0,0,0,0,0,0,0,0,0,0,0.0,0.25,100000.0,0.0,0.0,100000.0,2500.0,0.25,0.0,0,0.0,-0.39164924831992637,-0.3847591583654301,-0.5701626474215766,-0.09400134259912422,-0.5926273045928272,-0.15400720553390132,-0.16655451675745964,-0.46986729849225156,-0.4674379541314951,-0.49794729611604754,-0.15400720553390132,-0.4698672984922516,-0.09983368891752412,0.5998851097102851,0,1,Entry_Level
Federal Bank Visa RuPay Credit Card,FederalBank,0,0,2.0,2.0,3.5,2.0,0.25,0,0,UPI,Lifetime free RuPay credit card. UPI-linked for seamless credit card on UPI payments. 2 lounge visits. 2 reward points per Rs.100.,FederalBank,Lifetime free RuPay credit card. UPI-linked for seamless credit card on UPI payments. 2 lounge visits. 2 reward points per Rs.100.,0.0,0.0,2.0,0.0,2.0,100.0,0.02,200.0,0.0,2.0,0.0,0,general,0,0,0,0,0,0,0,0,0,0,0.0,0.005,2000.0,2800.0,0.0,4800.0,50.0,0.012,2.0,0,0.0,-0.39164924831992637,-0.3847591583654301,-0.5238227350414963,-0.46521172652379716,-0.5926273045928272,-0.4522292566803073,-0.45139433555580655,-0.5500718055138576,-0.46481975741413906,-0.49794729611604754,-0.4522292566803072,-0.5500718055138577,-0.09983368891752412,0.5998851097102851,0,1,Entry_Level
