user_id,Income,Monthly_Spend,spend_travel,spend_dining,spend_ecommerce,spend_general,International_Travel_Frequency,Lifestyle_Preference,Optimization_Preference,Behavior_Cluster
0,47.11549476768991,118136.43334173229,0.34588684254242796,0.18315008978723274,0.1639953410024034,0.30696772666793604,5,shopping,travel,0
1,28.274609333157873,68401.09961942257,0.24900398769883098,0.27803954964725347,0.13003134256828,0.34292512008563547,5,shopping,lifestyle,0
2,14.094406347562153,124679.43587585303,0.38990546749208255,0.32422306261155187,0.1694281772544026,0.11644329264196301,5,dining,travel,3
3,30.115180794878224,68323.69702695777,0.3375943929390907,0.25490446417133555,0.2047552502282785,0.20274589266129522,0,shopping,rewards,3
4,14.394767541081174,16730.133391486295,0.4772319649349684,0.07365803698197691,0.20580653052625766,0.243303467556797,3,shopping,lifestyle,3
5,35.21845806942776,194774.731492766,0.25496523420973294,0.29176855862243417,0.13257089321559046,0.3206953139522423,3,none,balanced,0
6,16.334550694324424,28701.144296930514,0.3357059110780958,0.30673595121001734,0.21148856468370794,0.146069573028179,2,dining,fees,3
7,8.13272806421158,184754.44739016582,0.3487439828489344,0.1979087469090393,0.27191716328194887,0.1814301069600774,0,shopping,lifestyle,3
8,23.623318801543252,35597.73103928373,0.13651260568771476,0.41025441569427495,0.2244932250358257,0.22873975358218462,5,movies,lifestyle,2
9,8.49428484274946,227111.5631878028,0.419048543813133,0.2629486374470079,0.11597950391011444,0.20202331482974473,1,shopping,travel,3
10,38.75660392003926,152263.02269449286,0.18289941863550915,0.19047166848462432,0.4100006773127282,0.21662823556713834,1,shopping,lifestyle,1
11,55.73184674747744,151549.3678295928,0.12238881267047944,0.2418733879847051,0.11597197992914311,0.5197658194156723,1,shopping,travel,0
12,56.456107933574025,149356.0923083777,0.0537839505573756,0.14750711014821336,0.17849980791529388,0.6202091313791172,3,dining,fees,0
13,9.188817244720282,172976.42186435574,0.36409469852623116,0.3208784190422617,0.1920500671637267,0.1229768152677804,3,shopping,fees,3
14,50.29801535854755,204939.09593511093,0.15084409072640806,0.3062525662794237,0.22327209269520304,0.3196312502989653,2,movies,balanced,0
15,53.82560417653009,190922.88457238307,0.24150812346926598,0.20672303925352165,0.19697230117332307,0.3547965361038894,6,shopping,lifestyle,0
16,17.960249407603285,235151.09037543813,0.09412252939548843,0.6645440445919837,0.16111637209539895,0.08021705391712887,6,none,fees,2
17,31.54224761353351,48815.913099543934,0.4949199923119998,0.32714293187120436,0.03182025204807948,0.14611682376871638,6,movies,rewards,3
18,48.835097992388974,183120.67545971338,0.08028586440155036,0.12080767048744336,0.35981003773988773,0.43909642737111865,6,none,travel,0
19,34.646288412629005,163984.151245055,0.09605919868080608,0.20432933697942177,0.5630652442775919,0.13654622006218037,0,shopping,lifestyle,1
20,4.0166966866883005,40648.83923994771,0.1482377351177121,0.017333031251426764,0.07487996601635209,0.759549267614509,0,movies,balanced,0
21,40.160068458058525,218860.29846179634,0.09155187901238915,0.07036418863555842,0.7578307640302276,0.08025316832182475,2,movies,rewards,1
22,50.00585885601146,87928.64837215749,0.2609027357269763,0.32779715677735743,0.21437600072194044,0.19692410677372574,1,dining,balanced,2
23,36.69519751832536,174967.91379788402,0.3651807794824999,0.26378770327190076,0.136420203074105,0.23461131417149436,0,shopping,travel,3
24,26.726958265081958,26574.718182984587,0.1637953037649686,0.3664542601031905,0.04994828307407313,0.41980215305776786,2,none,travel,0
25,39.621546731746214,198064.14332586032,0.34444168994490326,0.3194530049991788,0.010916571484204525,0.3251887335717135,5,dining,rewards,0
26,30.239004619353512,112969.00161979797,0.49678886257001575,0.25966375449550805,0.13529918660102513,0.10824819633345116,4,none,balanced,3
27,21.71658868526726,140827.17561005073,0.4226662476318502,0.21420475490701793,0.1260663575504059,0.23706263991072607,3,shopping,lifestyle,3
28,52.06098689457596,46044.16676586282,0.41406453393852505,0.4996220148865902,0.032975515130392395,0.05333793604449241,2,shopping,travel,2
29,48.321545822035894,237316.35976207262,0.3307393016865559,0.140594788556086,0.14308948531732402,0.38557642444003404,5,shopping,travel,0
30,46.54363323037551,202822.50838033567,0.6088378652380629,0.11179900242053192,0.03805102054909555,0.24131211179230969,6,none,fees,3
31,22.017352224709576,226116.13862996091,0.3120341355542701,0.09644482348611207,0.18219074265901414,0.4093302983006036,4,shopping,fees,0
32,44.59208539461054,144953.37033443147,0.10403258477712361,0.268312096284157,0.3597806780954508,0.26787464084326873,1,none,balanced,1
33,9.949535665101417,153240.62999276686,0.22588606236444075,0.5780969108779633,0.07480701100246878,0.12121001575512705,4,shopping,balanced,2
34,47.53376001959641,40988.276584085965,0.19803894040624048,0.12179769557842765,0.3660131650630679,0.3141501989522639,3,dining,balanced,1
35,14.297640951135179,228999.98337575805,0.5902305484017779,0.29619265519076876,0.03715451182596206,0.07642228458149122,5,dining,rewards,3
36,48.65493965757555,233031.92609048588,0.2774181915781725,0.4530484458112514,0.09627953033641537,0.1732538322741607,3,shopping,rewards,2
37,11.84714056914218,187635.95660476296,0.21516119203680958,0.5715119849723443,0.08634973485513664,0.12697708813570935,5,dining,balanced,2
38,43.44596225073538,55685.04390928826,0.21640955722872968,0.09820848668091572,0.35468472176150845,0.3306972343288461,1,none,travel,1
39,35.9469813010299,179447.34697843055,0.14135771633365818,0.18239967610370586,0.17798739649491957,0.49825521106771636,2,none,fees,0
40,20.368162414367383,115557.25521511724,0.46929293418231743,0.3666889451135418,0.05948092515974124,0.10453719554439943,2,movies,travel,3
41,15.858793487640026,149527.61428369718,0.2693389608343554,0.13129563183786097,0.25753252134203086,0.3418328859857529,3,shopping,lifestyle,0
42,23.557468063664494,135493.7224825882,0.44511035794873893,0.2240546312860584,0.1287316178228992,0.20210339294230337,2,movies,rewards,3
43,7.1073713831577905,212868.40459427383,0.288616177955327,0.24372312345796907,0.33449416488836026,0.13316653369834358,0,shopping,balanced,1
44,24.218909671918247,51099.031279249175,0.1294096004846747,0.7282104132837609,0.1062740350136383,0.03610595121792593,6,shopping,fees,2
45,14.916286540327762,138395.75119730638,0.295830719084004,0.2786882797693882,0.06277864517413856,0.3627023559724694,0,shopping,travel,0
46,25.376644802989432,33811.58165685348,0.23605407674044002,0.4602029918747584,0.07213293767457782,0.23160999371022375,1,movies,rewards,2
47,36.42737486184337,130923.14432490665,0.24400924470509142,0.16459483659810847,0.2932979002430955,0.29809801845370476,3,shopping,fees,1
48,33.75306380991569,94537.27357487162,0.3818658663567913,0.28518761282333227,0.21350755183294656,0.11943896898692993,2,movies,travel,3
49,33.29042933726093,39670.23323557658,0.24613993037617216,0.20670598671941892,0.3720013861864587,0.17515269671795006,3,shopping,travel,1
50,20.52949912798481,155642.1400160681,0.2920873180666676,0.10650177913899865,0.05729295813900653,0.5441179446553273,4,none,travel,0
51,57.90303974231464,198771.21512347166,0.09843962421821031,0.6073201022102059,0.08397316161228688,0.21026711195929684,5,none,lifestyle,2
52,22.75009309484378,44109.39709309194,0.12344667688542056,0.1721402487880358,0.3182829696375424,0.3861301046890013,4,dining,fees,1
53,48.71740785818628,232304.89179667382,0.7172088924651112,0.061617558434890154,0.1346713885815345,0.08650216051846413,3,dining,balanced,3
54,45.147593703161064,203204.82414505852,0.26568829905109803,0.4525143595221359,0.1785549998836273,0.10324234154313887,5,movies,lifestyle,2
55,41.281930104783946,70849.71538974036,0.021666641825691585,0.8141967766147056,0.02230843803065732,0.14182814352894552,6,none,rewards,2
56,7.834260700438496,95352.83055823018,0.05998953739636464,0.5707589994195544,0.12124157406751114,0.24800988911656968,5,shopping,lifestyle,2
57,25.36503829654226,230095.20866710538,0.42979683013205466,0.3392149716509068,0.17693604813613065,0.054052150080907954,4,none,fees,3
58,26.961760975800797,240414.17911847535,0.3529781219475982,0.20817132348640943,0.048154348359229264,0.3906962062067631,6,shopping,fees,0
59,40.24603491354122,85355.07350598401,0.10199773559809643,0.29412646752352634,0.3016614343473858,0.3022143625309914,4,shopping,travel,1
60,30.146666589443363,248754.91099973084,0.1822849805892637,0.13491628065360547,0.13754275274623548,0.5452559860108952,2,none,lifestyle,0
61,27.67943209346273,23423.046583268348,0.07898594890661853,0.2623023269614295,0.2188130795323498,0.43989864459960204,3,dining,rewards,0
62,9.361220990205922,105358.5288276331,0.5199606510679133,0.09442643385059267,0.1768291484744403,0.20878376660705375,2,none,rewards,3
63,31.96553928133388,130032.9715291939,0.16690282689843883,0.35824691519342705,0.44174987320309655,0.03310038470503753,0,none,lifestyle,1
64,16.01041390141497,92722.89938289367,0.4811785157357003,0.08224603593161704,0.2393751817122561,0.19720026662042656,0,dining,balanced,3
65,4.78316023539374,40997.924877117766,0.034728079947993706,0.503200314591836,0.03167626920247469,0.4303953362576957,1,movies,rewards,2
66,47.05743112371119,216040.51232078765,0.24846745309278356,0.07620142952182322,0.5913420555904084,0.08398906179498479,3,none,rewards,1
67,15.332274627847882,112296.13204047055,0.43807313733258807,0.2726591899928796,0.22572210220906516,0.06354557046546716,4,movies,lifestyle,3
68,21.07773075440879,224154.57242265844,0.5085206687227266,0.20472672656257812,0.23540627321765767,0.051346331497037656,6,dining,travel,3
69,36.32441354564743,44823.84424685058,0.4278744707952043,0.23760125072252344,0.24781695864674622,0.08670731983552608,6,movies,lifestyle,3
70,50.66597508002827,19267.727819875552,0.38680404734433504,0.3271632364019035,0.07725577285861909,0.2087769433951425,3,shopping,lifestyle,3
71,46.230067519530984,246103.01285834034,0.28157144606116924,0.23096810824884578,0.3279294032140581,0.1595310424759268,3,shopping,fees,1
72,41.90715109792556,50102.92674651543,0.1187984914195361,0.5768215732963446,0.28351635013191484,0.020863585152204475,4,none,lifestyle,2
73,32.47011075041747,189303.3564721377,0.4621682884448356,0.105175433547042,0.06520868882017287,0.36744758918794934,2,movies,rewards,3
74,58.81580412131494,103628.99988358497,0.31562517452897393,0.09837254762735989,0.537384475027669,0.04861780281599737,4,none,travel,1
75,14.214304302785985,103643.40597750591,0.37035526603773383,0.3044713274300574,0.09861938795084717,0.22655401858136143,3,movies,fees,3
76,14.519021793792245,58655.041694705484,0.2868069394823081,0.2843436323874872,0.11936822240435173,0.3094812057258529,6,dining,fees,0
77,19.802115125748934,194728.83486270005,0.2666149076842988,0.40308695011130957,0.07090322082334122,0.25939492138105036,1,dining,travel,2
78,8.52773965621232,213762.2850835035,0.2524823929539512,0.2603013971785111,0.28269740266460136,0.20451880720293644,5,movies,balanced,1
79,26.076732972312428,193603.51835984818,0.3211475373664939,0.16174484623428972,0.22849347149561106,0.2886141449036053,2,shopping,rewards,0
80,26.57337208466828,120716.93548686965,0.1394450041308479,0.37069136117978035,0.07176114672867556,0.4181024879606962,2,dining,rewards,0
81,53.61536323051806,197679.29763200769,0.2995430199298535,0.2259971680133944,0.21473796478477314,0.259721847271979,6,dining,travel,0
82,57.33271491959577,53440.56626187584,0.290629877023986,0.1432922829157276,0.28121299168813463,0.28486484837215187,0,movies,balanced,1
83,33.317507206725885,59001.151984605254,0.20476714139608038,0.040313326423473524,0.2918394749619636,0.4630800572184825,2,shopping,lifestyle,0
84,15.081412831590928,232089.07928189734,0.14003027142756405,0.22682028198109652,0.18996779768564306,0.44318164890569633,3,dining,lifestyle,0
85,25.396861319503294,231635.32578642384,0.13730695640379348,0.4843093288974265,0.058184391511357805,0.3201993231874222,4,shopping,rewards,2
86,41.65136147015021,213811.77690735855,0.3571889820286521,0.2352570985322176,0.2841807642816886,0.12337315515744156,2,none,lifestyle,3
87,45.09511062313783,109737.94796798425,0.3240356774213776,0.21710431579190725,0.3530044995926397,0.10585550719407552,2,movies,travel,1
88,10.171000043800259,36555.06457886657,0.4253043366889279,0.36566168103574853,0.06768013403869143,0.14135384823663208,5,dining,balanced,3
89,10.373679797121643,79660.84351640263,0.2734247919201536,0.34345010347209115,0.3608443776294145,0.022280726978340697,4,movies,lifestyle,1
90,21.26799621564692,244390.17181255133,0.3277451702813903,0.31395408413454406,0.22010483576937612,0.13819590981468954,5,none,fees,3
91,34.03925891635636,130108.70018172874,0.2946988686331855,0.09974722054116712,0.3137111430046138,0.29184276782103347,2,none,lifestyle,1
92,46.46763524187052,127942.79327144203,0.12017851969948153,0.3179704020355759,0.3105605941465047,0.2512904841184378,4,none,fees,1
93,12.558872621633515,16764.15270799997,0.11659884985187947,0.5347747696092271,0.17662828361911062,0.1719980969197828,6,movies,rewards,2
94,11.775924206924707,114358.07814849647,0.5327951484728072,0.15632844777948215,0.18475766887546516,0.1261187348722455,4,none,travel,3
95,27.139237496740268,144763.45821144254,0.2119061708440625,0.18577945334193785,0.36989790193807837,0.23241647387592132,1,movies,fees,1
96,29.288906492741706,114822.57733163214,0.38577720590030007,0.07460848412268084,0.05564593694082301,0.4839683730361961,1,shopping,lifestyle,0
97,31.00167444430787,224862.2895910312,0.22305168775212686,0.34610610472934755,0.20799342177193672,0.22284878574658884,5,dining,travel,2
98,47.1535612336571,23187.012315780183,0.3699793038415872,0.31837482520160565,0.03313853743148398,0.2785073335253231,0,dining,travel,3
99,45.05446069806325,75501.21044113139,0.43909742720988953,0.33033617768105905,0.02125052886434481,0.20931586624470647,2,none,rewards,3
100,7.900993956323872,56428.47078020059,0.3761529664049005,0.1783955256306309,0.19033860803698682,0.2551128999274817,1,none,balanced,3
101,52.75296065012819,60190.659573256264,0.08324103382479543,0.13357416125986057,0.06790385443197272,0.7152809504833714,6,movies,rewards,0
102,5.819170817322894,156366.2363271637,0.12092724425857329,0.20778595132819827,0.10263934383431086,0.5686474605789176,0,shopping,rewards,0
103,35.153422811691705,174013.30988976485,0.4399598225541751,0.0606569870295372,0.2967738703305919,0.2026093200856958,2,none,travel,3
104,56.32589079903134,28979.372663084905,0.5430900953392714,0.04475671196231287,0.3720262794587761,0.040126913239639676,3,dining,rewards,3
105,52.036067514479626,90293.34284536734,0.10227093472545849,0.535148767353502,0.24752663905054914,0.11505365887049039,0,shopping,rewards,2
106,9.121968508448902,42101.71295608217,0.022977750584215008,0.3620255600462616,0.3548870259978422,0.2601096633716813,1,movies,rewards,1
107,57.07279342662054,150562.32524693434,0.4917234235622859,0.09431124293932336,0.2814368462514443,0.13252848724694646,2,shopping,fees,3
108,14.012874379372441,39271.61759015665,0.3277151612791851,0.34745348711140056,0.24088173764642962,0.08394961396298467,5,movies,lifestyle,3
109,28.709650510559538,148464.54415069576,0.11879170979321248,0.08911242996932894,0.28685016403843244,0.5052456961990262,2,shopping,lifestyle,0
110,25.178512556758562,65416.65855163376,0.1888864260888807,0.1827728638397376,0.3213443356484713,0.3069963744229104,4,none,balanced,1
111,55.662322831089504,151059.718316307,0.25901246830843433,0.55951179031802,0.16482137893166812,0.01665436244187762,2,dining,travel,2
112,3.3119672035737664,199862.68243599584,0.07675639417119784,0.6022583996756385,0.19608281625776902,0.12490238989539464,1,shopping,fees,2
113,57.92405499666276,216075.89860006483,0.1575193595448022,0.314261578039656,0.5142083239687212,0.014010738446820659,6,none,travel,1
114,24.089108967290276,113140.53377370072,0.1491156030506298,0.16409670044409966,0.4387426422974989,0.24804505420777187,3,movies,travel,1
115,12.313326908518905,172057.72408686113,0.277156165100752,0.257118678224172,0.2693747512842944,0.19635040539078172,4,movies,fees,1
116,8.518178510383372,237620.15199645705,0.214549315922902,0.447843105117714,0.22112806320950212,0.116479515749882,0,movies,fees,2
117,33.47224282348869,248482.60424490913,0.6086812707841698,0.07066800712153569,0.12162900670743283,0.19902171538686167,0,none,rewards,3
118,6.409987227086054,211156.30111682994,0.3431119764228628,0.12820172271718303,0.15935728221297907,0.36932901864697515,2,movies,lifestyle,0
119,19.30469620490253,241627.70079949754,0.42118525051657557,0.2859045225514879,0.26336758896822404,0.029542637963712558,1,none,lifestyle,3
120,34.10351456261972,142721.46484376726,0.3284055789615821,0.4759683702496821,0.1613753177551399,0.03425073303359571,0,dining,lifestyle,2
121,47.452581100721765,119827.12983625314,0.17658690618792605,0.1417205492034221,0.3439520181268891,0.33774052648176267,0,dining,fees,1
122,5.799705693752287,51096.43064637325,0.1629225298526687,0.29293466311760885,0.28475385785424157,0.25938894917548083,6,shopping,lifestyle,1
123,57.0840570993297,96756.68230279919,0.15057525314548892,0.43771600409671174,0.22518717832540713,0.1865215644323923,6,shopping,fees,2
124,40.23193744630066,173120.54775094998,0.4309151916983591,0.31689081967620747,0.15956743499395026,0.09262655363148309,3,shopping,rewards,3
125,27.89004689231385,248781.49981495796,0.2178499373444813,0.2578637491403642,0.1194273508984856,0.4048589626166688,3,shopping,balanced,0
126,29.733289503722315,225737.51232381412,0.21454502459748734,0.368699235482014,0.18419763713466705,0.23255810278583164,5,shopping,fees,2
127,40.76418687887339,172885.7343243058,0.21920473573351562,0.40417274866388664,0.29778566630187436,0.07883684930072345,2,shopping,lifestyle,2
128,10.475844643528466,61667.1609298574,0.3020311511235346,0.2014958016055525,0.1704262469523462,0.3260468003185667,1,none,lifestyle,0
129,43.3649805690302,56167.43344616086,0.476359009469197,0.27147900904776656,0.1264441156788252,0.12571786580421124,5,dining,rewards,3
130,30.424016800499537,198819.63088793182,0.19263422452488194,0.12294860726865348,0.21614184232347952,0.46827532588298515,2,movies,lifestyle,0
131,45.85150042615455,88753.99144623695,0.33872985894440316,0.35472618567314734,0.027080803939055563,0.27946315144339384,1,movies,travel,2
132,39.650910130427455,218785.4850025759,0.11076321212341186,0.19508036091572772,0.1660415509759949,0.5281148759848655,4,movies,travel,0
133,26.219656108189422,148519.32755347068,0.29617261498272285,0.4370081747496226,0.21209007295365204,0.054729137314002536,3,dining,balanced,2
134,20.917832729904575,109390.48399220344,0.3122238300549511,0.21365597777263218,0.1285385230421548,0.345581669130262,5,dining,lifestyle,0
135,25.964137684934887,211018.40962049543,0.18033880516309506,0.37915893239771953,0.19594687732584143,0.244555385113344,6,none,balanced,2
136,16.409614139691765,79908.73041229302,0.1152706311686857,0.37248909434735866,0.22627615543213891,0.2859641190518167,5,none,balanced,2
137,3.2454292130576827,149224.33008309914,0.0336055802009231,0.46583806592964794,0.31068358860200784,0.1898727652674212,1,dining,fees,2
138,13.763675967111421,60941.519438198025,0.30030602899549097,0.08236346745740693,0.17121257769230572,0.44611792585479654,1,none,rewards,0
139,44.5994690392634,192324.68748126164,0.39949281656166963,0.03927209739393036,0.3816959536641478,0.17953913238025215,1,shopping,balanced,1
140,18.16375973943492,79421.58251682296,0.2736840453310358,0.12166605705975057,0.27580899901152384,0.3288408985976899,3,none,rewards,0
141,55.2915485881701,214984.32321225863,0.046399196175311214,0.4561869801663569,0.11113222234927944,0.38628160130905237,1,dining,lifestyle,2
142,56.49515316078075,186168.1169504061,0.4426126384409363,0.1592269262722083,0.2701116410522205,0.12804879423463483,6,dining,fees,3
143,31.800784570706462,151921.42208891633,0.27953977235813326,0.15983073243735058,0.359148248401844,0.20148124680267215,3,movies,lifestyle,1
144,57.75569828084346,184631.53807489914,0.42457378490003944,0.10996235698434927,0.16535746160245912,0.30010639651315213,3,none,lifestyle,3
145,58.858776773739024,222629.51155957126,0.4299664764582313,0.04898343939646709,0.32377860605107484,0.1972714780942268,2,none,lifestyle,3
146,35.12082450726363,131467.19337726862,0.272280369022172,0.21375655012556508,0.2995318227779081,0.21443125807435473,3,movies,travel,1
147,45.52587480068381,223140.71515171527,0.2847277500243747,0.4043242888505988,0.09951505285886744,0.21143290826615896,6,dining,lifestyle,2
148,45.407699193614484,139929.03589342826,0.6377474643308174,0.203446150756552,0.1470618646771998,0.01174452023543085,0,dining,fees,3
149,54.46488319492616,231645.9140273121,0.18556037169861908,0.058639436952539994,0.05461891419482802,0.7011812771540128,6,dining,rewards,0
150,50.15351194867198,151356.45093459164,0.36028153264970897,0.2456535011340693,0.2223654867515559,0.1716994794646658,1,movies,rewards,3
151,48.40458859875341,76265.38861394698,0.21144224339916287,0.31005013735395054,0.3463491459796883,0.13215847326719843,1,dining,fees,1
152,15.347474758490433,176891.84132644846,0.11796918020388697,0.08889543832281391,0.22417843458118944,0.5689569468921097,6,dining,fees,0
153,41.460770313672725,175408.20872096755,0.06805308481154626,0.10616170931975316,0.21467007413630937,0.6111151317323912,4,none,balanced,0
154,34.110502287149416,193699.0960183851,0.14173054912226268,0.6617535049124058,0.08573131527993529,0.11078463068539614,0,dining,travel,2
155,30.45072058474448,231595.97129582905,0.3599975048154285,0.3818404138844687,0.22462350167271805,0.033538579627384796,3,shopping,travel,3
156,46.84682713399862,187364.61405796141,0.2582196693662345,0.22237229368091097,0.17362186310037298,0.34578617385248145,2,movies,fees,0
157,16.148710143687897,227861.08543485112,0.4198772346894052,0.03809655291607082,0.32132816308440754,0.22069804931011638,5,dining,balanced,3
158,33.02607418765154,165171.39441219834,0.4958250160125229,0.08462209633485125,0.3346308447977536,0.08492204285487218,4,none,balanced,3
159,21.288454221829685,143611.46768314554,0.2981301468689265,0.18701581903964332,0.4180798696066667,0.09677416448476352,1,movies,rewards,1
160,51.47969009851739,119876.34956640376,0.060474091991911644,0.10716045394354007,0.4779370288462318,0.3544284252183165,4,dining,rewards,1
161,36.15845598364675,20105.012090461063,0.4805272830637252,0.05110515240155382,0.07298843335612797,0.3953791311785931,0,dining,rewards,3
162,13.18043801473571,227417.48436693754,0.261994823806256,0.4821275252663913,0.15589973648259342,0.09997791444475926,3,movies,balanced,2
163,23.500978738996825,67737.73477855128,0.6348632384922965,0.21242023544110628,0.03456812039172491,0.11814840567487235,3,shopping,balanced,3
164,43.56723179240511,39157.45859401611,0.2568100282572747,0.030915452754291854,0.21778735037444402,0.49448716861398934,0,none,travel,0
165,14.476854186004768,233449.63515829708,0.2951324208899249,0.0852667515584591,0.2777496954418333,0.34185113210978274,6,dining,travel,0
166,7.454899973467132,214700.4614841835,0.604823074730428,0.1352148810636492,0.17594283498707589,0.08401920921884685,1,none,travel,3
167,32.060330865251814,88370.35413668839,0.25575506972478707,0.5512856514947344,0.05174742972235801,0.1412118490581204,3,dining,fees,2
168,51.99498460487719,103877.12290727506,0.23886045803913708,0.22902293967391338,0.4937846355121466,0.03833196677480306,3,dining,lifestyle,1
169,22.36494902169473,31742.452181148914,0.6472091563328083,0.19508465733196798,0.09315862945589512,0.06454755687932864,4,none,balanced,3
170,40.095291613910994,42236.23335002361,0.3641463474638759,0.2019563782473272,0.13359803681868268,0.3002992374701141,1,movies,lifestyle,3
171,32.746956777264785,80714.5373390946,0.3037590467769734,0.060902474256380616,0.029093310816522402,0.6062451681501236,2,movies,fees,0
172,49.187245650587585,103791.84638531363,0.40811360848879574,0.29652222846570636,0.19310075314331512,0.10226340990218276,5,none,fees,3
173,37.27824748024683,194503.35581276414,0.23769605400091628,0.13185678914918433,0.5500076308363088,0.08043952601359057,0,shopping,rewards,1
174,22.168292334359617,247097.1502227685,0.22740979854287385,0.4166082190630101,0.05701176620150127,0.29897021619261493,1,dining,lifestyle,2
175,18.151136556678743,133455.01804266946,0.2180498781527447,0.3862248578242413,0.1375357705023623,0.2581894935206515,6,dining,travel,2
176,18.930780293500806,216036.7104032022,0.22652151095032286,0.3639902829377756,0.24366620570940054,0.16582200040250125,5,shopping,travel,2
177,41.464326887134575,76916.72562448966,0.30593996199398343,0.44488959232491554,0.03555886569066845,0.2136115799904325,1,dining,balanced,2
178,22.531066873917514,24160.153721270293,0.06589397526961181,0.7048425211407806,0.1399816929501365,0.08928181063947115,1,shopping,travel,2
179,59.590053564415356,95261.49161738137,0.27045070052910747,0.13542203509380057,0.338658993249793,0.2554682711272989,4,movies,rewards,1
180,9.170218164066851,71458.5028457158,0.3919936766811996,0.22388837787975313,0.35256473661166265,0.031553208827384376,2,dining,lifestyle,1
181,14.520515108918595,192812.61544290461,0.47588093853160274,0.18187165322052926,0.11512799545360296,0.2271194127942651,0,movies,balanced,3
182,27.75790714884186,195215.75850519142,0.384042741088054,0.08994118708324067,0.4947082227847535,0.03130784904395199,0,dining,lifestyle,1
183,48.55570653456615,156566.4094764902,0.13273559892054596,0.26976681797903135,0.33026063698170144,0.26723694611872134,5,none,travel,1
184,53.12646880879805,78530.12807399518,0.3356182474835304,0.33454899443612246,0.11081653231926793,0.2190162257610791,5,movies,lifestyle,3
185,26.56426993022194,208619.40484693716,0.36263485442617943,0.19191600686167143,0.1306102847275712,0.314838853984578,3,dining,balanced,0
186,36.29724250344787,76910.58887387285,0.21271048106143448,0.27671371403128026,0.11438048420999576,0.3961953206972896,3,shopping,fees,0
187,40.78669373760449,42889.18126352855,0.17997056489535682,0.49304299197913887,0.1582995963616082,0.16868684676389611,1,shopping,rewards,2
188,59.986624204117604,122007.74853921951,0.5251369379072659,0.28772415524348727,0.09869156333194681,0.08844734351729995,5,movies,fees,3
189,54.20739688454435,74527.28616582627,0.24654780478458266,0.21467134155825016,0.5155662214273564,0.023214632229810742,1,movies,rewards,1
190,21.249175226893556,101560.87858849086,0.5346344155998312,0.12682205459013027,0.2976916201606414,0.04085190964939709,2,shopping,fees,3
191,22.686853410661048,140467.82368975764,0.23647172221538226,0.31779048793044895,0.16222080596092192,0.2835169838932469,2,shopping,travel,2
192,42.804149248509525,246877.299425327,0.5775424607630506,0.09625323002912703,0.20755241480510597,0.11865189440271641,4,shopping,balanced,3
193,46.01050684005898,212976.92534137683,0.07950179040286477,0.16194251454703346,0.5528250883580049,0.20573060669209686,4,none,fees,1
194,43.1153285887928,63024.49312473512,0.2075280170111711,0.3340775728272348,0.2803422397940427,0.17805217036755122,1,movies,lifestyle,1
195,5.252846265343137,186193.23872195388,0.18950140728944023,0.558577846338587,0.23742641537427825,0.014494330997694654,2,dining,fees,2
196,32.737710208592894,116320.47492816205,0.4927858910338751,0.011296880867560897,0.21789662266728552,0.2780206054312787,1,dining,rewards,3
197,31.288458341266445,231022.71182104805,0.36408739965692866,0.3362012480948103,0.2354294258882685,0.06428192635999255,5,dining,travel,3
198,31.385902575209933,151402.99984266853,0.16700182154264162,0.15661469225779806,0.16656049010074278,0.5098229960988175,4,dining,fees,0
199,6.940875260568525,186052.00961965264,0.22993502611437144,0.45689396859336834,0.12577751677560933,0.1873934885166509,1,shopping,balanced,2
200,16.37809887595806,143844.22969667433,0.18012006054360627,0.36726926984102515,0.2580981118112447,0.1945125578041239,2,movies,rewards,2
201,40.91719603943491,176025.43555104124,0.12470844376569878,0.46061589233645867,0.15991585017500767,0.25475981372283496,6,none,fees,2
202,11.546664242241457,219944.51097083985,0.49182160050061585,0.3181679900974244,0.03436291789846569,0.15564749150349402,2,none,rewards,3
203,5.5581783811477665,190796.67538377477,0.5063230366753771,0.19818066891801556,0.19842058023018191,0.09707571417642538,6,movies,rewards,3
204,10.063775886950353,145485.0706765132,0.44739515797788054,0.22123175244358104,0.0761188523488916,0.25525423722964696,6,movies,travel,3
205,41.86806658882319,244028.74711400986,0.12448943443800901,0.5557775530646774,0.2632021392516885,0.05653087324562519,6,none,rewards,2
206,14.284902545763705,194850.48762557958,0.6808305983527076,0.010545194728607711,0.11440738974792157,0.194216817170763,6,shopping,balanced,3
207,21.380409159161328,178859.31053003334,0.16394505275622948,0.31864912915863497,0.19081628275445847,0.3265895353306772,4,shopping,travel,0
208,30.43839764391452,149318.89935907893,0.27434254189898416,0.16776614666772058,0.20058596872324277,0.3573053427100524,5,shopping,balanced,0
209,37.55319644660522,38780.4411870331,0.6964756371355333,0.02574600527623589,0.19992916978974232,0.07784918779848861,3,none,balanced,3
210,36.82700753762848,153970.21329165177,0.34386585655706164,0.02673673648892599,0.3354885553559472,0.2939088515980652,2,dining,rewards,1
211,56.81618788334765,133711.04779180593,0.509087659004408,0.281436149543388,0.15024579736465413,0.0592303940875499,2,none,lifestyle,3
212,57.668475612153316,109502.44760233517,0.42369130660074483,0.186895901805864,0.07445510338719008,0.31495768820620107,1,dining,lifestyle,3
213,57.17828737875425,209850.36523125131,0.17423848393989155,0.2923377640893167,0.1410926925500547,0.39233105942073704,4,none,rewards,0
214,8.514915206582472,69692.05446890405,0.12154392589279846,0.08971764510783171,0.13807080548352435,0.6506676235158454,5,shopping,fees,0
215,11.606608491798855,229656.91005607002,0.38614845036188633,0.21045281934413543,0.24003945943691848,0.1633592708570598,6,none,travel,3
216,47.54355284593803,103661.23217942035,0.20293600852270285,0.1815058330867124,0.41674357752003643,0.1988145808705483,0,none,travel,1
217,21.220937354743956,84080.71066727418,0.45383293822660387,0.16354507721286338,0.11391241282226634,0.2687095717382663,1,movies,travel,3
218,4.766702943424664,160152.32323010513,0.3111856454911816,0.1770446322555247,0.10592664020309982,0.405843082050194,0,none,fees,0
219,34.782259319103815,191487.0569274011,0.388097300556318,0.02229970705445278,0.3993824490776806,0.19022054331154842,0,movies,balanced,1
220,7.374204313902744,60737.62972715673,0.1845443271334967,0.31193351723409046,0.32454564823597837,0.17897650739643461,5,shopping,balanced,1
221,19.837275298461485,229629.79975558576,0.06592089764652327,0.3149167008848518,0.27032385286363114,0.3488385486049938,0,movies,rewards,0
222,11.216957488517432,159336.71883274583,0.11609763863729844,0.07254132861608363,0.27950040679109805,0.5318606259555199,0,movies,fees,0
223,52.07051160569665,208420.8898935775,0.22240157169100258,0.3277400642512445,0.29231433774586457,0.15754402631188838,1,movies,fees,1
224,19.44752139677427,71708.86942471926,0.4023831086756326,0.23686373963291257,0.2733429999598959,0.08741015173155892,1,none,fees,3
225,43.84749713345684,193596.47770159587,0.21053896459389176,0.25735772905823856,0.32911031498215026,0.2029929913657193,1,dining,balanced,1
226,26.949282707904402,206270.18567174903,0.09837356365893377,0.6765255721097393,0.0381100209984721,0.1869908432328548,4,movies,balanced,2
227,17.020918036865353,130528.42855990177,0.19045966900731437,0.5621834592832429,0.05804124262396619,0.18931562908547658,2,movies,travel,2
228,36.173950339115606,132731.05459246755,0.33193152641798307,0.41891937935146956,0.08038927672152088,0.16875981750902652,4,movies,lifestyle,2
229,16.610763773444944,172779.82818066247,0.2557354939407945,0.08385243217344189,0.20333749981209548,0.4570745740736682,5,none,fees,0
230,52.63180227911824,176856.76999858115,0.24290134477902361,0.05409008751093147,0.33270501605801545,0.37030355165202955,3,shopping,balanced,0
231,17.09362467848591,73672.53904944923,0.48678608229006837,0.1634686272803679,0.20539748516881423,0.14434780526074956,6,none,balanced,3
232,23.25104775450829,111430.21934127476,0.2964314542232061,0.20616291600390757,0.21031539958901493,0.28709023018387125,1,shopping,rewards,0
233,18.506575783127154,123108.80895225497,0.17401083590746427,0.4382124730560577,0.02521010747217094,0.36256658356430715,2,none,fees,2
234,47.61739683919783,63474.13230025626,0.5140750673691212,0.2970430066811268,0.04686560138404278,0.1420163245657092,2,none,balanced,3
235,42.81042761099388,173425.97081408172,0.3188513514338042,0.104560229101648,0.08061285613764879,0.49597556332689885,6,dining,lifestyle,0
236,50.94384367674632,247885.0582979748,0.3616420717737329,0.2192459930283784,0.21511810480829327,0.20399383038959543,0,movies,travel,3
237,9.665992286084872,39280.87156149555,0.5429771106922079,0.06253399360969979,0.2272507444299317,0.16723815126816083,0,shopping,balanced,3
238,7.28294625213519,188860.30709904854,0.16966430165684462,0.2541780306184766,0.26772729164721454,0.3084303760774643,0,movies,lifestyle,0
239,36.96390319166616,42970.675245809616,0.05722944947276676,0.45239775893041345,0.1398463035272639,0.3505264880695558,0,movies,rewards,2
240,34.844434899078195,81395.58430237709,0.3951197456926692,0.24937698214639709,0.26830709355283355,0.0871961786081002,6,shopping,rewards,3
241,15.539626041653896,205941.3399582717,0.054656018196950464,0.37013985126365295,0.4047253290415857,0.170478801497811,3,movies,fees,1
242,24.187541810283438,25730.637077625943,0.23416562050117296,0.10140949262905335,0.14332087718070388,0.5211040096890698,0,none,lifestyle,0
243,24.673428282260353,116359.79615621096,0.22803254203581785,0.22227131703606107,0.1575839619537921,0.392112178974329,2,shopping,travel,0
244,21.110173084129745,39498.80082580028,0.16883843870986098,0.28685485815683326,0.07366413573766409,0.4706425673956417,0,dining,travel,0
245,9.753659384223688,65946.6242468895,0.2498193101753885,0.15947329359886772,0.15926425790437215,0.4314431383213715,1,movies,travel,0
246,15.643928223956635,20693.898210582443,0.29931153449538406,0.1512464177664607,0.48255320277306896,0.06688884496508644,2,dining,balanced,1
247,26.944763222259127,105228.67616713689,0.2855280141279396,0.34541875782042364,0.13486496185356514,0.23418826619807154,4,movies,travel,2
248,43.15062210171478,50058.28321329186,0.12585364847701608,0.29931581609250474,0.39171340738193156,0.18311712804854757,5,none,travel,1
249,12.179603920736575,173423.9107098866,0.07993966010817258,0.19018857634543568,0.6926696019449132,0.037202161601478545,0,none,travel,1
